Sexo,Edad,cluster,Q1,Q2,Q3,variable,value,factor,tf,type_id,jitter_type,jitter_value
Male,18,1,Si,Si,No,Q12,4,EE,Internal,0,-0.0593664788527587,3.7831270901133065
Male,18,1,Si,Si,Si,Q12,4,EE,Internal,0,-0.07780881381594501,3.997538804322871
Male,18,0,Si,Si,Si,Q12,3,EE,Internal,0,-0.1284030366369781,2.8724922440229346
Male,18,1,Si,Si,Si,Q12,3,EE,Internal,0,-0.2166707139948746,2.76123773149931
Male,18,1,Si,Si,No,Q12,5,EE,Internal,0,0.055553988494458806,4.7895948385872815
Male,18,0,Si,Si,Si,Q12,4,EE,Internal,0,0.01002683721067854,3.7740999135941475
Female,18,1,Si,Si,Si,Q12,2,EE,Internal,0,0.20410375609609555,1.8835293756667286
Male,18,0,Si,Si,Si,Q12,3,EE,Internal,0,-0.008316376332695996,3.1788351816485227
Female,18,0,Si,Si,Si,Q12,5,EE,Internal,0,-0.1574497457835931,4.8957011092856915
Male,18,0,SI,Si,No,Q12,2,EE,Internal,0,-0.06837150762168248,1.760333006947881
Male,18,0,Si,Si,Si,Q12,3,EE,Internal,0,0.049020299278225654,3.1048583300087502
Male,18,0,Si,Si,Si,Q12,5,EE,Internal,0,0.12667363801507675,4.975724319325592
Male,18,0,Si,Si,Si,Q12,2,EE,Internal,0,-0.19220064675357557,1.8797677209821786
Male,18,0,Si,Si,Si,Q12,5,EE,Internal,0,0.07829701071648626,4.882144554216654
Female,18,0,Si,Si,Si,Q12,3,EE,Internal,0,-0.11421366391779991,3.1653062285597318
Male,18,0,Si,Si,Si,Q12,3,EE,Internal,0,0.14737429303437954,3.1239602851906234
Male,18,0,Si,Si,Si,Q12,3,EE,Internal,0,0.11368701601633807,3.2079535483361448
Male,18,0,Si,Si,Si,Q12,3,EE,Internal,0,0.0788475226570185,2.7784467726647395
Male,18,0,Si,Si,Si,Q12,4,EE,Internal,0,0.23795225869535436,3.811255294423847
Male,18,0,Si,Si,Si,Q12,3,EE,Internal,0,-0.1699091462907969,3.10066099927745
Male,18,0,Si,Si,Si,Q12,3,EE,Internal,0,-0.05224868569431068,2.9300024867449643
Male,18,0,Si,Si,Si,Q12,2,EE,Internal,0,0.022446398983625437,2.226642275642346
Male,18,0,Si,Si,Si,Q12,5,EE,Internal,0,0.08933467244841065,4.932274598715537
Female,18,0,Si,Si,Si,Q12,5,EE,Internal,0,0.19564592005299647,5.002859701743994
Male,18,0,Si,Si,Si,Q12,3,EE,Internal,0,0.22883354658045002,2.8334954608949108
Male,18,0,Si,Si,Si,Q12,5,EE,Internal,0,-0.18686926129218773,4.994808954467401
Male,18,0,Si,Si,Si,Q12,5,EE,Internal,0,-0.23579749327652377,4.995673162054864
Male,18,0,Si,Si,Si,Q12,4,EE,Internal,0,-0.003946344330789275,3.78570122010405
Male,18,0,Si,Si,Si,Q12,3,EE,Internal,0,0.058139562788030674,2.805724562191753
Male,18,0,Si,Si,Si,Q12,4,EE,Internal,0,-0.07682043624121826,4.0034095708668165
Male,18,0,Si,Si,Si,Q12,4,EE,Internal,0,0.02165970503219511,3.98129968608355
Male,18,0,Si,Si,Si,Q12,3,EE,Internal,0,0.21515602197973083,3.0003232457856606
Male,18,0,Si,Si,Si,Q12,4,EE,Internal,0,-0.24725757729730097,4.028866289368255
Male,18,0,Si,Si,Si,Q12,3,EE,Internal,0,0.167530531752692,3.0000152346688234
Male,18,0,Si,Si,Si,Q12,3,EE,Internal,0,0.11169654394194478,2.90164680670847
Male,18,0,Si,Si,Si,Q12,5,EE,Internal,0,0.1316639354675524,5.026203953933277
Male,18,0,Si,Si,Si,Q12,4,EE,Internal,0,-0.14846369564229378,3.785490639934613
Male,18,0,Si,Si,Si,Q12,3,EE,Internal,0,0.18170982847877087,2.7826612756710434
Male,18,0,Si,Si,Si,Q12,3,EE,Internal,0,-0.0714062192225755,2.759483794297731
Male,18,0,Si,Si,Si,Q12,4,EE,Internal,0,0.1507973347147739,3.8612840643754867
Male,18,0,Si,Si,Si,Q12,5,EE,Internal,0,-0.14683358323909823,4.762772375516488
Male,19,1,Si,Si,Si,Q12,4,EE,Internal,0,-0.23478974926658125,4.117381287845
Female,19,1,Si,Si,No,Q12,4,EE,Internal,0,0.08452372129558822,3.843520469419616
Male,19,1,Si,Si,Si,Q12,4,EE,Internal,0,-0.1512993100039981,4.077401278266276
Male,19,1,Si,Si,Si,Q12,3,EE,Internal,0,0.15129653763190848,3.0068827715639905
Male,19,1,Si,Si,No,Q12,3,EE,Internal,0,-0.06886740215397652,3.052409525748515
Male,19,1,Si,Si,Si,Q12,3,EE,Internal,0,-0.23878441942027878,3.0056794660782034
Male,19,1,Si,Si,No,Q12,4,EE,Internal,0,-0.12917527894444897,4.005140810269397
Male,19,0,Si,Si,Si,Q12,5,EE,Internal,0,0.03659798046884699,5.195806608793129
Male,19,1,Si,Si,Si,Q12,2,EE,Internal,0,0.055552533469033494,2.1144249464307623
Male,19,0,Si,Si,Si,Q12,3,EE,Internal,0,0.2343860686265759,2.838852581832652
Male,19,0,Si,Si,Si,Q12,3,EE,Internal,0,0.20848954782137114,3.1957073691164326
Male,19,0,Si,Si,Si,Q12,3,EE,Internal,0,-0.0718349021033009,2.817413479431017
Male,19,0,Si,Si,Si,Q12,3,EE,Internal,0,-0.06604819788848015,2.8801966333852103
Male,19,0,Si,Si,Si,Q12,3,EE,Internal,0,-0.09789954122990602,2.961396610666315
Male,19,0,Si,Si,Si,Q12,3,EE,Internal,0,-0.10208111581244417,3.1858543498119767
Male,19,0,Si,Si,Si,Q12,4,EE,Internal,0,-0.12022836701558881,3.963459006168213
Male,19,0,Si,Si,Si,Q12,3,EE,Internal,0,-0.22332398729353786,2.9201750091342964
Male,19,0,Si,Si,Si,Q12,3,EE,Internal,0,0.24660632893857554,2.881094259006712
Male,19,0,Si,Si,Si,Q12,3,EE,Internal,0,0.11124756761793864,3.1540324993926125
Male,19,0,Si,Si,Si,Q12,3,EE,Internal,0,-0.012083805513360857,3.1790504145071137
Male,19,0,Si,Si,Si,Q12,5,EE,Internal,0,-0.1278459099800895,4.836378668896541
Male,19,0,Si,Si,Si,Q12,3,EE,Internal,0,-0.2066359172773326,2.8217827402461326
Male,19,0,Si,Si,Si,Q12,5,EE,Internal,0,-0.07595239283640443,5.242033453113962
Male,19,0,Si,Si,Si,Q12,5,EE,Internal,0,-0.17068763520727404,4.899727766945619
Male,19,0,Si,Si,Si,Q12,5,EE,Internal,0,0.15612928591781422,5.171138745135046
Male,19,0,Si,Si,Si,Q12,3,EE,Internal,0,0.10269777223289078,2.997164348529589
Male,19,0,Si,Si,Si,Q12,3,EE,Internal,0,0.0898624203070354,2.942884187889968
Male,19,0,Si,Si,Si,Q12,4,EE,Internal,0,0.10707553395400887,3.805849668229593
Male,19,0,Si,Si,Si,Q12,3,EE,Internal,0,0.22491224713530888,2.988928702853802
Male,19,0,Si,Si,Si,Q12,4,EE,Internal,0,0.11177740525425,3.9262357742880427
Female,19,0,Si,Si,Si,Q12,3,EE,Internal,0,-0.16776704621304733,3.0055631651695602
Male,20,0,Si,Si,Si,Q12,4,EE,Internal,0,0.03575991119257427,3.9384743658429633
Male,20,0,Si,Si,Si,Q12,3,EE,Internal,0,-0.18654783687146548,3.0895933570734924
Male,20,0,Si,Si,Si,Q12,5,EE,Internal,0,0.14201941074000696,4.750098250251239
Female,20,0,Si,Si,Si,Q12,5,EE,Internal,0,0.011758369340443553,5.051892934592027
Male,20,0,Si,Si,Si,Q12,4,EE,Internal,0,0.11464705425904881,3.9307399244428787
Male,20,0,Si,Si,Si,Q12,5,EE,Internal,0,0.16943903514615016,5.05687124879845
Male,20,0,Si,Si,Si,Q12,4,EE,Internal,0,0.15526582812879425,4.2417276935729
Male,20,0,Si,Si,Si,Q12,5,EE,Internal,0,-0.2433500239988235,4.997175136829534
Male,20,1,Si,Si,Si,Q12,3,EE,Internal,0,0.04850617998377216,3.0657821727537264
Male,20,1,Si,Si,Si,Q12,3,EE,Internal,0,0.2154273178063914,2.895860728654114
Male,20,0,Si,Si,No,Q12,5,EE,Internal,0,-0.03615647809422068,5.232992250997178
Male,20,0,Si,Si,No,Q12,3,EE,Internal,0,-0.18617849187561752,3.2207970618785233
Male,20,0,Si,Si,Si,Q12,3,EE,Internal,0,0.23339160094808792,2.798493444199586
Male,20,1,Si,Si,Si,Q12,3,EE,Internal,0,-0.12181906411232729,2.8419468895470295
Male,20,0,Si,Si,Si,Q12,3,EE,Internal,0,-0.11345006345058611,3.2174560041172358
Male,20,0,Si,Si,Si,Q12,3,EE,Internal,0,0.21467858389574457,2.848824202441418
Male,20,0,Si,Si,Si,Q12,4,EE,Internal,0,0.12446270087544681,4.1998151110208655
Female,20,0,Si,Si,Si,Q12,3,EE,Internal,0,0.004014235127412447,2.95579575593339
Male,20,1,Si,Si,Si,Q12,3,EE,Internal,0,-0.17781074810097036,2.9717869012301668
Male,20,0,Si,Si,Si,Q12,3,EE,Internal,0,-0.11037222824519427,3.209001234803019
Male,20,0,Si,Si,Si,Q12,5,EE,Internal,0,0.21260127598309958,5.032058511308683
Male,20,0,Si,Si,Si,Q12,3,EE,Internal,0,0.145229362283467,3.22200674527333
Male,20,0,Si,Si,Si,Q12,3,EE,Internal,0,-0.1964714695598776,2.8598995290309066
Male,20,0,Si,Si,Si,Q12,3,EE,Internal,0,-0.12671238441602461,2.891585350984068
Male,20,0,Si,Si,Si,Q12,5,EE,Internal,0,0.03151763021235243,5.057741132008219
Male,20,0,Si,Si,Si,Q12,4,EE,Internal,0,-0.11108710881481731,4.156709006308706
Male,20,0,Si,Si,Si,Q12,5,EE,Internal,0,-0.06599647567507394,4.979149167091384
Male,20,0,Si,Si,Si,Q12,3,EE,Internal,0,0.20892315673021733,3.122387586971859
Male,20,0,Si,Si,Si,Q12,5,EE,Internal,0,-0.0699188243848905,4.8244391423044535
Male,20,0,Si,Si,Si,Q12,3,EE,Internal,0,-0.06840726128338626,3.005898648392491
Male,20,0,Si,Si,Si,Q12,4,EE,Internal,0,-0.1155279103444739,4.08847917984039
Female,21,0,Si,Si,No,Q12,3,EE,Internal,0,-0.07607414285161856,2.7713442695184183
Male,21,1,Si,Si,No,Q12,2,EE,Internal,0,0.2011759302315414,2.0010480942525914
Male,21,1,Si,Si,Si,Q12,3,EE,Internal,0,0.03114308994479309,2.890267710990993
Male,21,1,Si,Si,Si,Q12,3,EE,Internal,0,-0.1101649127631748,2.7888587313331827
Male,21,1,Si,Si,Si,Q12,2,EE,Internal,0,-0.1674188024208636,1.8612453253594623
Male,21,0,Si,Si,Si,Q12,3,EE,Internal,0,-0.014698606883381593,3.1773369783388787
Male,21,1,Si,Si,Si,Q12,3,EE,Internal,0,-0.03212622554950034,2.8589564586874685
Male,21,0,Si,Si,Si,Q12,3,EE,Internal,0,-0.1931083935497407,3.1320098118750264
Male,21,0,Si,Si,Si,Q12,5,EE,Internal,0,0.04312310317993279,4.924385016673518
Male,21,0,Si,Si,Si,Q12,5,EE,Internal,0,-0.052547624666402004,4.976643051744614
Male,21,0,Si,Si,Si,Q12,5,EE,Internal,0,0.026335202245710954,5.225527166012895
Male,21,0,Si,Si,Si,Q12,2,EE,Internal,0,0.12519403501668835,1.7536695294003777
Male,21,0,Si,Si,Si,Q12,3,EE,Internal,0,-0.17843103260205107,3.067514124874881
Male,21,0,Si,Si,Si,Q12,4,EE,Internal,0,0.15111768283839433,3.9895273762217673
Male,21,0,Si,Si,Si,Q12,5,EE,Internal,0,0.07580790303778778,4.75762093632999
Male,21,0,Si,Si,Si,Q12,3,EE,Internal,0,-0.03763959758692731,2.9927894598411893
Female,21,0,Si,Si,Si,Q12,4,EE,Internal,0,0.06656161690341866,4.153246886657446
Male,18,1,Si,Si,No,Q13,2,EE,Internal,0,0.01779468428202663,1.9366636425842865
Male,18,1,Si,Si,Si,Q13,3,EE,Internal,0,-0.07633820092189347,2.787818996583153
Male,18,0,Si,Si,Si,Q13,4,EE,Internal,0,-0.00970151030680455,4.135327649411479
Male,18,1,Si,Si,Si,Q13,3,EE,Internal,0,-0.12651754230786433,2.9022753541182817
Male,18,1,Si,Si,No,Q13,3,EE,Internal,0,-0.1282266526410546,2.8641548820318086
Male,18,0,Si,Si,Si,Q13,4,EE,Internal,0,0.16282393609758372,4.197065969282929
Female,18,1,Si,Si,Si,Q13,3,EE,Internal,0,-0.21224172356368592,2.95503979897672
Male,18,0,Si,Si,Si,Q13,5,EE,Internal,0,0.060677575621939206,5.103609645528587
Female,18,0,Si,Si,Si,Q13,2,EE,Internal,0,-0.0009293992818908969,1.9670940630591573
Male,18,0,SI,Si,No,Q13,3,EE,Internal,0,-0.16182362861415367,2.96393252962216
Male,18,0,Si,Si,Si,Q13,4,EE,Internal,0,0.10127399695252248,3.9089810590507907
Male,18,0,Si,Si,Si,Q13,4,EE,Internal,0,-0.08912943756532415,3.8432968219293784
Male,18,0,Si,Si,Si,Q13,2,EE,Internal,0,0.07051439177633617,2.1941366449811075
Male,18,0,Si,Si,Si,Q13,4,EE,Internal,0,-0.20182117231561642,3.9405251767218292
Female,18,0,Si,Si,Si,Q13,4,EE,Internal,0,0.04021951880348312,3.8600315141038113
Male,18,0,Si,Si,Si,Q13,4,EE,Internal,0,-0.011564763116037768,3.7561467031233624
Male,18,0,Si,Si,Si,Q13,2,EE,Internal,0,-0.18333117035231672,1.9278863208798511
Male,18,0,Si,Si,Si,Q13,4,EE,Internal,0,0.13100016839842943,4.247568861536737
Male,18,0,Si,Si,Si,Q13,5,EE,Internal,0,-0.00964827929240969,5.089791512393796
Male,18,0,Si,Si,Si,Q13,4,EE,Internal,0,0.14412241063885783,3.91261560497881
Male,18,0,Si,Si,Si,Q13,4,EE,Internal,0,-0.009834075681280363,3.9000917191199447
Male,18,0,Si,Si,Si,Q13,5,EE,Internal,0,-0.12893446819984683,4.9857490542271465
Male,18,0,Si,Si,Si,Q13,4,EE,Internal,0,0.10861162865477891,4.086269778932857
Female,18,0,Si,Si,Si,Q13,2,EE,Internal,0,-0.21274868743155334,1.879156437360261
Male,18,0,Si,Si,Si,Q13,5,EE,Internal,0,-0.09199368106823735,4.80705186882899
Male,18,0,Si,Si,Si,Q13,4,EE,Internal,0,0.010406678644905187,4.215626843156917
Male,18,0,Si,Si,Si,Q13,3,EE,Internal,0,-0.043293913502262193,3.0947430986169695
Male,18,0,Si,Si,Si,Q13,5,EE,Internal,0,-0.16251754330326512,5.0062377641702405
Male,18,0,Si,Si,Si,Q13,4,EE,Internal,0,0.1540378328544732,4.117066431296714
Male,18,0,Si,Si,Si,Q13,3,EE,Internal,0,-0.2089362993004612,3.0589606970675636
Male,18,0,Si,Si,Si,Q13,5,EE,Internal,0,0.22129765377094274,5.035470491912865
Male,18,0,Si,Si,Si,Q13,4,EE,Internal,0,0.14133404965203678,3.913618185698536
Male,18,0,Si,Si,Si,Q13,3,EE,Internal,0,0.11195563715288104,3.1249185715816012
Male,18,0,Si,Si,Si,Q13,3,EE,Internal,0,0.20702491192902733,2.8390600506313675
Male,18,0,Si,Si,Si,Q13,4,EE,Internal,0,-0.21987414201559652,3.777738842570609
Male,18,0,Si,Si,Si,Q13,5,EE,Internal,0,0.23300785387425405,4.803898191821977
Male,18,0,Si,Si,Si,Q13,4,EE,Internal,0,-0.23237546322206365,3.7739203232617538
Male,18,0,Si,Si,Si,Q13,2,EE,Internal,0,-0.08738453640289984,1.7881003499625376
Male,18,0,Si,Si,Si,Q13,3,EE,Internal,0,-0.1643935565732148,2.926874058129261
Male,18,0,Si,Si,Si,Q13,5,EE,Internal,0,0.21520181842911346,4.79697098271272
Male,18,0,Si,Si,Si,Q13,4,EE,Internal,0,-0.017131855036042865,3.897764620646128
Male,19,1,Si,Si,Si,Q13,2,EE,Internal,0,0.1434355591393835,1.945523432727256
Female,19,1,Si,Si,No,Q13,1,EE,Internal,0,0.10032016697854412,1.215977146540062
Male,19,1,Si,Si,Si,Q13,2,EE,Internal,0,-0.06841459628554786,1.8057986317781562
Male,19,1,Si,Si,Si,Q13,2,EE,Internal,0,-0.02369495476660699,1.916989425300872
Male,19,1,Si,Si,No,Q13,3,EE,Internal,0,0.16003548102950765,3.1685755024021547
Male,19,1,Si,Si,Si,Q13,2,EE,Internal,0,-0.18697235763901243,2.132657819156909
Male,19,1,Si,Si,No,Q13,2,EE,Internal,0,0.07218542009181073,2.166776361480396
Male,19,0,Si,Si,Si,Q13,1,EE,Internal,0,0.2430615390468418,1.1956695161312274
Male,19,1,Si,Si,Si,Q13,3,EE,Internal,0,-0.027738602752587938,3.0300207814844216
Male,19,0,Si,Si,Si,Q13,2,EE,Internal,0,-0.18374011284689562,1.8302411886322685
Male,19,0,Si,Si,Si,Q13,5,EE,Internal,0,-0.009242874261869372,4.88859722672904
Male,19,0,Si,Si,Si,Q13,3,EE,Internal,0,0.14671961042107434,2.8275580442064756
Male,19,0,Si,Si,Si,Q13,4,EE,Internal,0,-0.17520897221743514,3.819778471232129
Male,19,0,Si,Si,Si,Q13,2,EE,Internal,0,0.13059160800829894,1.8731933612379263
Male,19,0,Si,Si,Si,Q13,3,EE,Internal,0,-0.013848414463174141,2.757196089733727
Male,19,0,Si,Si,Si,Q13,3,EE,Internal,0,0.249258649714669,3.068359532576018
Male,19,0,Si,Si,Si,Q13,4,EE,Internal,0,0.1312038767602502,3.850938970240498
Male,19,0,Si,Si,Si,Q13,3,EE,Internal,0,-0.015863920762190287,2.9011958849996233
Male,19,0,Si,Si,Si,Q13,3,EE,Internal,0,-0.10284642572598413,3.0136371735249856
Male,19,0,Si,Si,Si,Q13,3,EE,Internal,0,-0.10459020204623676,3.0314295454942686
Male,19,0,Si,Si,Si,Q13,2,EE,Internal,0,-0.06654036116459178,2.089089222197697
Male,19,0,Si,Si,Si,Q13,3,EE,Internal,0,-0.2303009185342496,3.029871119497562
Male,19,0,Si,Si,Si,Q13,4,EE,Internal,0,-0.16897826871962013,4.011878268091965
Male,19,0,Si,Si,Si,Q13,5,EE,Internal,0,0.056595209966952775,4.992896627250154
Male,19,0,Si,Si,Si,Q13,2,EE,Internal,0,0.1611911688946971,1.8988204349104003
Male,19,0,Si,Si,Si,Q13,4,EE,Internal,0,0.1666899559658243,4.122125882506226
Male,19,0,Si,Si,Si,Q13,4,EE,Internal,0,-0.18225661916015978,3.785876828290461
Male,19,0,Si,Si,Si,Q13,4,EE,Internal,0,-0.21729209273718464,3.9577620379424987
Male,19,0,Si,Si,Si,Q13,4,EE,Internal,0,0.24800967664761986,4.1311292617853175
Male,19,0,Si,Si,Si,Q13,4,EE,Internal,0,-0.10209573613238854,4.018026992676087
Female,19,0,Si,Si,Si,Q13,3,EE,Internal,0,0.11901806168948487,2.960071016009484
Male,20,0,Si,Si,Si,Q13,3,EE,Internal,0,0.1087932385477795,3.0322160734831627
Male,20,0,Si,Si,Si,Q13,3,EE,Internal,0,-0.24382448458254308,3.239122398539353
Male,20,0,Si,Si,Si,Q13,2,EE,Internal,0,-0.1398336376825266,2.090544860929568
Female,20,0,Si,Si,Si,Q13,4,EE,Internal,0,0.050260750939743026,4.040428714762783
Male,20,0,Si,Si,Si,Q13,5,EE,Internal,0,0.10298138363204073,5.1803295747429985
Male,20,0,Si,Si,Si,Q13,4,EE,Internal,0,0.20845875671776265,4.029191902731497
Male,20,0,Si,Si,Si,Q13,2,EE,Internal,0,0.10870194128675087,1.8163775289874073
Male,20,0,Si,Si,Si,Q13,4,EE,Internal,0,-0.0833021107862934,4.13039441544881
Male,20,1,Si,Si,Si,Q13,4,EE,Internal,0,-0.008122128884750779,4.0096430691926175
Male,20,1,Si,Si,Si,Q13,3,EE,Internal,0,0.08466212763458159,3.042488484565649
Male,20,0,Si,Si,No,Q13,3,EE,Internal,0,-0.08286884332429817,3.2099530172131363
Male,20,0,Si,Si,No,Q13,3,EE,Internal,0,0.06158903003307986,2.814956027460895
Male,20,0,Si,Si,Si,Q13,3,EE,Internal,0,0.10587097103368659,3.244874980919296
Male,20,1,Si,Si,Si,Q13,2,EE,Internal,0,-0.2076960372950885,1.982677219445784
Male,20,0,Si,Si,Si,Q13,4,EE,Internal,0,0.05909288560220599,4.144399551161363
Male,20,0,Si,Si,Si,Q13,4,EE,Internal,0,-0.06217896471307527,3.904757113054318
Male,20,0,Si,Si,Si,Q13,5,EE,Internal,0,-0.04808644336817519,5.029930585073709
Female,20,0,Si,Si,Si,Q13,2,EE,Internal,0,0.15157961495892808,2.141705348963459
Male,20,1,Si,Si,Si,Q13,3,EE,Internal,0,-0.018644284368029063,2.8700034422787852
Male,20,0,Si,Si,Si,Q13,2,EE,Internal,0,0.08849554065315002,2.0654522545628597
Male,20,0,Si,Si,Si,Q13,2,EE,Internal,0,0.21251176634259678,1.9959246776690427
Male,20,0,Si,Si,Si,Q13,3,EE,Internal,0,0.11134609201375711,2.7657067240410678
Male,20,0,Si,Si,Si,Q13,5,EE,Internal,0,-0.1594204215316029,5.212535159916659
Male,20,0,Si,Si,Si,Q13,3,EE,Internal,0,0.05485131518761621,3.2372190608312144
Male,20,0,Si,Si,Si,Q13,2,EE,Internal,0,-0.2178778767075505,2.2097532101508492
Male,20,0,Si,Si,Si,Q13,5,EE,Internal,0,-0.09922492851716314,4.844604460617433
Male,20,0,Si,Si,Si,Q13,5,EE,Internal,0,0.1157944115823995,5.112555096731238
Male,20,0,Si,Si,Si,Q13,3,EE,Internal,0,-0.14343296086430796,3.1219470923985204
Male,20,0,Si,Si,Si,Q13,2,EE,Internal,0,-0.07224747689144179,1.7703743398158576
Male,20,0,Si,Si,Si,Q13,4,EE,Internal,0,0.013846700712348337,3.794120556205355
Male,20,0,Si,Si,Si,Q13,3,EE,Internal,0,0.000574399769534939,3.043492483200498
Female,21,0,Si,Si,No,Q13,3,EE,Internal,0,-0.039011228544922616,3.216103747848942
Male,21,1,Si,Si,No,Q13,2,EE,Internal,0,-0.21349450795040026,2.074159779662783
Male,21,1,Si,Si,Si,Q13,2,EE,Internal,0,-0.15930857067680843,2.084285769030537
Male,21,1,Si,Si,Si,Q13,2,EE,Internal,0,0.15908610920001937,1.9454223615237
Male,21,1,Si,Si,Si,Q13,4,EE,Internal,0,-0.10751655204827576,4.070760113479628
Male,21,0,Si,Si,Si,Q13,1,EE,Internal,0,-0.13968026623630836,1.0924828498703572
Male,21,1,Si,Si,Si,Q13,2,EE,Internal,0,-0.08221989008573899,2.0169911477917752
Male,21,0,Si,Si,Si,Q13,2,EE,Internal,0,0.09634943522334904,2.1195716303292715
Male,21,0,Si,Si,Si,Q13,3,EE,Internal,0,0.16776943565868002,2.8233849022479003
Male,21,0,Si,Si,Si,Q13,2,EE,Internal,0,0.15050235162738068,2.2469943487451833
Male,21,0,Si,Si,Si,Q13,4,EE,Internal,0,0.02255227723129183,3.889865842694441
Male,21,0,Si,Si,Si,Q13,5,EE,Internal,0,0.11945762069184501,4.799160093114027
Male,21,0,Si,Si,Si,Q13,2,EE,Internal,0,-0.12552727057607255,1.7588234819150785
Male,21,0,Si,Si,Si,Q13,4,EE,Internal,0,0.03544566006252137,4.055445691592684
Male,21,0,Si,Si,Si,Q13,3,EE,Internal,0,-0.21196667737436298,2.948541892114617
Male,21,0,Si,Si,Si,Q13,4,EE,Internal,0,0.06627724913630834,4.061159808410662
Female,21,0,Si,Si,Si,Q13,5,EE,Internal,0,0.23424573730559684,5.030393372003172
Male,18,1,Si,Si,No,Q14,5,PEX,Internal,1,1.199926543189387,5.180455311276827
Male,18,1,Si,Si,Si,Q14,4,PEX,Internal,1,0.9855244539741481,3.978553708525972
Male,18,0,Si,Si,Si,Q14,1,PEX,Internal,1,0.7998712560014356,0.8891020253109718
Male,18,1,Si,Si,Si,Q14,4,PEX,Internal,1,1.070531196305991,4.1439929031141025
Male,18,1,Si,Si,No,Q14,4,PEX,Internal,1,1.0674117272333814,4.233285787231529
Male,18,0,Si,Si,Si,Q14,4,PEX,Internal,1,0.9745653399153487,3.7682549381689316
Female,18,1,Si,Si,Si,Q14,5,PEX,Internal,1,1.0744022029832365,5.063916578177736
Male,18,0,Si,Si,Si,Q14,3,PEX,Internal,1,0.9164045491322115,3.0137518253762163
Female,18,0,Si,Si,Si,Q14,4,PEX,Internal,1,1.0664963659130198,3.7663853326093752
Male,18,0,SI,Si,No,Q14,3,PEX,Internal,1,1.241548170888482,2.9574898012078865
Male,18,0,Si,Si,Si,Q14,3,PEX,Internal,1,0.912611854164433,3.0679677960165743
Male,18,0,Si,Si,Si,Q14,4,PEX,Internal,1,0.9518194242702336,3.9223569975957906
Male,18,0,Si,Si,Si,Q14,4,PEX,Internal,1,0.9889587938910247,3.8309515460018186
Male,18,0,Si,Si,Si,Q14,4,PEX,Internal,1,0.8143574871399744,4.192474004242207
Female,18,0,Si,Si,Si,Q14,4,PEX,Internal,1,0.822320892401144,4.032179957942272
Male,18,0,Si,Si,Si,Q14,3,PEX,Internal,1,0.8232780474412464,3.137916738516742
Male,18,0,Si,Si,Si,Q14,4,PEX,Internal,1,0.9542210788143162,3.889218118890577
Male,18,0,Si,Si,Si,Q14,3,PEX,Internal,1,0.78798918284655,2.907501884340056
Male,18,0,Si,Si,Si,Q14,4,PEX,Internal,1,1.0706121345303303,4.198484664738765
Male,18,0,Si,Si,Si,Q14,4,PEX,Internal,1,1.1106332477421774,3.757046187980176
Male,18,0,Si,Si,Si,Q14,3,PEX,Internal,1,0.7773698252019594,2.773911717590895
Male,18,0,Si,Si,Si,Q14,3,PEX,Internal,1,1.0427368273839388,2.8064247257070916
Male,18,0,Si,Si,Si,Q14,3,PEX,Internal,1,1.0596005332057985,3.1278894353524502
Female,18,0,Si,Si,Si,Q14,5,PEX,Internal,1,1.0713759694382705,5.027275682967299
Male,18,0,Si,Si,Si,Q14,3,PEX,Internal,1,0.8993542949299946,3.0621831421701193
Male,18,0,Si,Si,Si,Q14,5,PEX,Internal,1,0.9196129200274066,4.799705156095692
Male,18,0,Si,Si,Si,Q14,4,PEX,Internal,1,1.1605416963925357,3.844073764091366
Male,18,0,Si,Si,Si,Q14,3,PEX,Internal,1,0.7838956118827571,3.064526479074494
Male,18,0,Si,Si,Si,Q14,5,PEX,Internal,1,1.148948177400906,5.128259088145659
Male,18,0,Si,Si,Si,Q14,4,PEX,Internal,1,1.1532588000735151,3.8220923356820844
Male,18,0,Si,Si,Si,Q14,5,PEX,Internal,1,1.2177977906922173,5.160610895394119
Male,18,0,Si,Si,Si,Q14,5,PEX,Internal,1,1.0963093764770184,4.911331896588116
Male,18,0,Si,Si,Si,Q14,4,PEX,Internal,1,1.076788872961326,4.012847194993215
Male,18,0,Si,Si,Si,Q14,5,PEX,Internal,1,1.2076265638777341,4.891855494158111
Male,18,0,Si,Si,Si,Q14,5,PEX,Internal,1,0.9482841963658362,5.2443930572605915
Male,18,0,Si,Si,Si,Q14,4,PEX,Internal,1,0.804764569720795,4.087953895564859
Male,18,0,Si,Si,Si,Q14,5,PEX,Internal,1,0.940052634264523,5.176770998790415
Male,18,0,Si,Si,Si,Q14,4,PEX,Internal,1,1.1212765542471739,3.7755670174980605
Male,18,0,Si,Si,Si,Q14,5,PEX,Internal,1,0.9628138608476684,4.894602214879358
Male,18,0,Si,Si,Si,Q14,3,PEX,Internal,1,0.9380112695699101,3.239013550880229
Male,18,0,Si,Si,Si,Q14,5,PEX,Internal,1,1.113246306779549,5.107346134548687
Male,19,1,Si,Si,Si,Q14,4,PEX,Internal,1,1.2120321577233968,4.0469353201371066
Female,19,1,Si,Si,No,Q14,4,PEX,Internal,1,0.9406752412279573,3.9354890496399424
Male,19,1,Si,Si,Si,Q14,2,PEX,Internal,1,0.8315865635908812,1.7799802670447034
Male,19,1,Si,Si,Si,Q14,3,PEX,Internal,1,0.8073910609687036,3.0500337606503893
Male,19,1,Si,Si,No,Q14,4,PEX,Internal,1,0.771981013265286,3.9796901724425693
Male,19,1,Si,Si,Si,Q14,3,PEX,Internal,1,0.8849216676707103,2.953790452803875
Male,19,1,Si,Si,No,Q14,4,PEX,Internal,1,1.242394273209193,4.164802824819068
Male,19,0,Si,Si,Si,Q14,3,PEX,Internal,1,1.1219096519011504,2.8353751947069745
Male,19,1,Si,Si,Si,Q14,4,PEX,Internal,1,0.8314056536049457,3.8806508047211983
Male,19,0,Si,Si,Si,Q14,3,PEX,Internal,1,1.1187703642451798,2.8722898784144664
Male,19,0,Si,Si,Si,Q14,4,PEX,Internal,1,0.7513547925269057,4.121047473692856
Male,19,0,Si,Si,Si,Q14,4,PEX,Internal,1,0.945329163698367,3.7901003463430136
Male,19,0,Si,Si,Si,Q14,4,PEX,Internal,1,0.9533551115433203,3.8643680199596098
Male,19,0,Si,Si,Si,Q14,4,PEX,Internal,1,0.7866164987597473,4.241529680898621
Male,19,0,Si,Si,Si,Q14,3,PEX,Internal,1,0.750224784162804,2.810407638779851
Male,19,0,Si,Si,Si,Q14,3,PEX,Internal,1,0.9504798851060177,2.89043170461019
Male,19,0,Si,Si,Si,Q14,4,PEX,Internal,1,1.0882030754941252,4.021014903269007
Male,19,0,Si,Si,Si,Q14,4,PEX,Internal,1,0.8820451938787637,4.000474962241242
Male,19,0,Si,Si,Si,Q14,4,PEX,Internal,1,1.000891055298936,3.8980146345732027
Male,19,0,Si,Si,Si,Q14,5,PEX,Internal,1,0.943785861765319,5.198650397823044
Male,19,0,Si,Si,Si,Q14,4,PEX,Internal,1,0.8137346477828347,4.157619436429717
Male,19,0,Si,Si,Si,Q14,4,PEX,Internal,1,1.2022404211509896,4.180096384912656
Male,19,0,Si,Si,Si,Q14,3,PEX,Internal,1,1.1016605860129691,3.085354748466432
Male,19,0,Si,Si,Si,Q14,3,PEX,Internal,1,1.0370692891516138,3.114338365820463
Male,19,0,Si,Si,Si,Q14,2,PEX,Internal,1,0.9809567593706583,2.084393378006229
Male,19,0,Si,Si,Si,Q14,5,PEX,Internal,1,0.9445952918577707,5.094353941595262
Male,19,0,Si,Si,Si,Q14,4,PEX,Internal,1,1.2225505838682205,4.083205511945676
Male,19,0,Si,Si,Si,Q14,3,PEX,Internal,1,1.029422781100413,3.078972707539467
Male,19,0,Si,Si,Si,Q14,4,PEX,Internal,1,0.8129967408341652,3.9385393413043515
Male,19,0,Si,Si,Si,Q14,5,PEX,Internal,1,0.8059506827602287,5.164049979008932
Female,19,0,Si,Si,Si,Q14,3,PEX,Internal,1,1.231704914821981,2.8078175929319986
Male,20,0,Si,Si,Si,Q14,4,PEX,Internal,1,0.8794201251050993,3.7656147538266627
Male,20,0,Si,Si,Si,Q14,3,PEX,Internal,1,1.104535801356824,2.8354823684114936
Male,20,0,Si,Si,Si,Q14,5,PEX,Internal,1,0.9347273827322702,4.81004424853942
Female,20,0,Si,Si,Si,Q14,5,PEX,Internal,1,0.7563126001472646,5.086746294272493
Male,20,0,Si,Si,Si,Q14,5,PEX,Internal,1,1.1500941937176885,4.989879566785717
Male,20,0,Si,Si,Si,Q14,2,PEX,Internal,1,1.2450249459183775,2.1098382818731864
Male,20,0,Si,Si,Si,Q14,4,PEX,Internal,1,1.0287265841666462,3.7794937576390666
Male,20,0,Si,Si,Si,Q14,4,PEX,Internal,1,1.176922800785403,4.161810748937428
Male,20,1,Si,Si,Si,Q14,3,PEX,Internal,1,0.7799839117234106,2.9161497209687335
Male,20,1,Si,Si,Si,Q14,4,PEX,Internal,1,0.7541150429158705,4.224804453000269
Male,20,0,Si,Si,No,Q14,1,PEX,Internal,1,0.8416686285677883,1.2376734780475658
Male,20,0,Si,Si,No,Q14,1,PEX,Internal,1,1.141087214506277,0.9634889858440654
Male,20,0,Si,Si,Si,Q14,2,PEX,Internal,1,1.206488164152766,1.81774763549235
Male,20,1,Si,Si,Si,Q14,4,PEX,Internal,1,0.9149226076393293,3.936378876418087
Male,20,0,Si,Si,Si,Q14,4,PEX,Internal,1,1.0302424245099364,3.8806170285827895
Male,20,0,Si,Si,Si,Q14,3,PEX,Internal,1,1.1945769805255029,2.772866018767415
Male,20,0,Si,Si,Si,Q14,4,PEX,Internal,1,0.7855306383604956,4.034586258595615
Female,20,0,Si,Si,Si,Q14,3,PEX,Internal,1,1.0250023724335713,3.197554131227311
Male,20,1,Si,Si,Si,Q14,5,PEX,Internal,1,0.8139797951527574,5.034806434003543
Male,20,0,Si,Si,Si,Q14,3,PEX,Internal,1,0.9464766841332772,3.1574806616443154
Male,20,0,Si,Si,Si,Q14,4,PEX,Internal,1,1.0741714768352575,4.154191519785718
Male,20,0,Si,Si,Si,Q14,4,PEX,Internal,1,0.953227284256775,4.007378094610183
Male,20,0,Si,Si,Si,Q14,5,PEX,Internal,1,0.8460906953669143,4.877326412550428
Male,20,0,Si,Si,Si,Q14,4,PEX,Internal,1,1.0818062950287015,4.0462131161785715
Male,20,0,Si,Si,Si,Q14,4,PEX,Internal,1,1.113432008374213,3.7609416331103995
Male,20,0,Si,Si,Si,Q14,4,PEX,Internal,1,0.7868156420131438,3.9737108000326806
Male,20,0,Si,Si,Si,Q14,5,PEX,Internal,1,1.191131231572276,5.122602317543505
Male,20,0,Si,Si,Si,Q14,3,PEX,Internal,1,0.9917700450321889,2.882126747326836
Male,20,0,Si,Si,Si,Q14,3,PEX,Internal,1,0.8039829208415932,2.8366902675236894
Male,20,0,Si,Si,Si,Q14,4,PEX,Internal,1,1.1394212326993185,3.7688208804866727
Male,20,0,Si,Si,Si,Q14,4,PEX,Internal,1,0.9276655939670859,4.190642093815985
Female,21,0,Si,Si,No,Q14,3,PEX,Internal,1,1.166211519490445,3.1828697662053513
Male,21,1,Si,Si,No,Q14,1,PEX,Internal,1,0.9631996883151337,0.7969408354831615
Male,21,1,Si,Si,Si,Q14,3,PEX,Internal,1,1.0183326592565116,3.150086012818451
Male,21,1,Si,Si,Si,Q14,3,PEX,Internal,1,0.870430064871375,2.925072311677111
Male,21,1,Si,Si,Si,Q14,3,PEX,Internal,1,1.1046138543185537,2.7835096331460605
Male,21,0,Si,Si,Si,Q14,3,PEX,Internal,1,0.9620518394000981,3.1364016411948157
Male,21,1,Si,Si,Si,Q14,2,PEX,Internal,1,1.0195243782787704,2.012709817932826
Male,21,0,Si,Si,Si,Q14,5,PEX,Internal,1,1.219859373272174,5.097353663549151
Male,21,0,Si,Si,Si,Q14,3,PEX,Internal,1,1.0584140845163368,3.238737225772767
Male,21,0,Si,Si,Si,Q14,4,PEX,Internal,1,0.8220601351547301,3.8763106785236
Male,21,0,Si,Si,Si,Q14,3,PEX,Internal,1,1.1504787749209897,2.8773162364357843
Male,21,0,Si,Si,Si,Q14,4,PEX,Internal,1,1.1198537019444834,3.959061653702614
Male,21,0,Si,Si,Si,Q14,4,PEX,Internal,1,1.1521608826270036,3.8584260252626397
Male,21,0,Si,Si,Si,Q14,4,PEX,Internal,1,0.9084326145352257,3.849486333925861
Male,21,0,Si,Si,Si,Q14,2,PEX,Internal,1,0.7995388665479757,1.8567768867719354
Male,21,0,Si,Si,Si,Q14,5,PEX,Internal,1,0.8353056162272776,5.016800215041923
Female,21,0,Si,Si,Si,Q14,3,PEX,Internal,1,0.8875767221325896,2.943821389945243
Male,18,1,Si,Si,No,Q15,3,PEX,Internal,1,0.7927891890234122,3.0976470742113222
Male,18,1,Si,Si,Si,Q15,3,PEX,Internal,1,1.0750238593354882,2.973666393594314
Male,18,0,Si,Si,Si,Q15,4,PEX,Internal,1,0.9400617942855733,4.012627098068146
Male,18,1,Si,Si,Si,Q15,3,PEX,Internal,1,0.9907088072037027,2.9013099931283888
Male,18,1,Si,Si,No,Q15,3,PEX,Internal,1,0.7966056340883805,2.8062528757366345
Male,18,0,Si,Si,Si,Q15,4,PEX,Internal,1,1.1168869061445263,3.8295458269736544
Female,18,1,Si,Si,Si,Q15,4,PEX,Internal,1,0.8584025516690605,4.000343975490478
Male,18,0,Si,Si,Si,Q15,3,PEX,Internal,1,1.076524883305007,2.7690169380870113
Female,18,0,Si,Si,Si,Q15,4,PEX,Internal,1,0.9458993417620216,4.085268806289076
Male,18,0,SI,Si,No,Q15,4,PEX,Internal,1,0.7621230915592139,3.761928031254664
Male,18,0,Si,Si,Si,Q15,3,PEX,Internal,1,1.1337100767082124,3.176610112498981
Male,18,0,Si,Si,Si,Q15,4,PEX,Internal,1,0.7641757515362098,3.7751889335490194
Male,18,0,Si,Si,Si,Q15,3,PEX,Internal,1,0.9659049020223427,3.185388824929788
Male,18,0,Si,Si,Si,Q15,3,PEX,Internal,1,0.9869435653608636,2.854242300617463
Female,18,0,Si,Si,Si,Q15,3,PEX,Internal,1,0.9911609541195452,3.2417275079619117
Male,18,0,Si,Si,Si,Q15,4,PEX,Internal,1,1.219364901393113,4.145515214687317
Male,18,0,Si,Si,Si,Q15,5,PEX,Internal,1,1.2280041923836678,4.7562532606143835
Male,18,0,Si,Si,Si,Q15,4,PEX,Internal,1,0.9785047442824553,4.230470907251953
Male,18,0,Si,Si,Si,Q15,5,PEX,Internal,1,0.9104191555014034,4.970893248796738
Male,18,0,Si,Si,Si,Q15,3,PEX,Internal,1,0.9221366720324506,2.9506141252547486
Male,18,0,Si,Si,Si,Q15,3,PEX,Internal,1,1.2368081226956154,3.1580750163163835
Male,18,0,Si,Si,Si,Q15,3,PEX,Internal,1,1.13968145139655,2.9815375652497806
Male,18,0,Si,Si,Si,Q15,4,PEX,Internal,1,0.9085917121972713,4.179607674472828
Female,18,0,Si,Si,Si,Q15,4,PEX,Internal,1,0.8886052140934964,3.9818404336859157
Male,18,0,Si,Si,Si,Q15,4,PEX,Internal,1,1.1719896151965088,3.919280120151935
Male,18,0,Si,Si,Si,Q15,5,PEX,Internal,1,0.7704854372767236,5.138794765102188
Male,18,0,Si,Si,Si,Q15,4,PEX,Internal,1,0.9804391574563334,4.0207691589824845
Male,18,0,Si,Si,Si,Q15,4,PEX,Internal,1,0.8884005424521957,4.148527546250361
Male,18,0,Si,Si,Si,Q15,5,PEX,Internal,1,0.830471387131062,4.760006281516317
Male,18,0,Si,Si,Si,Q15,4,PEX,Internal,1,1.036832939689949,4.175025577602352
Male,18,0,Si,Si,Si,Q15,3,PEX,Internal,1,0.9345492646238975,2.768283650837069
Male,18,0,Si,Si,Si,Q15,3,PEX,Internal,1,0.8088616281335448,3.1036016251640133
Male,18,0,Si,Si,Si,Q15,5,PEX,Internal,1,1.0101298383965653,5.206046457800453
Male,18,0,Si,Si,Si,Q15,4,PEX,Internal,1,0.9937451720555739,3.9537203613206158
Male,18,0,Si,Si,Si,Q15,5,PEX,Internal,1,0.8238234342645614,5.248362999598426
Male,18,0,Si,Si,Si,Q15,5,PEX,Internal,1,0.8603084187277534,4.931669606087597
Male,18,0,Si,Si,Si,Q15,3,PEX,Internal,1,0.8532820332328139,2.9882055636581053
Male,18,0,Si,Si,Si,Q15,2,PEX,Internal,1,1.1155405823015256,1.9547750299088005
Male,18,0,Si,Si,Si,Q15,5,PEX,Internal,1,0.7701122616249445,4.926395499049529
Male,18,0,Si,Si,Si,Q15,4,PEX,Internal,1,1.2278650996903064,3.882443396624672
Male,18,0,Si,Si,Si,Q15,5,PEX,Internal,1,0.8348490502022845,5.0550787339343115
Male,19,1,Si,Si,Si,Q15,1,PEX,Internal,1,0.9826462811756644,1.0997488720891626
Female,19,1,Si,Si,No,Q15,3,PEX,Internal,1,1.0001011280767833,2.8146189594838207
Male,19,1,Si,Si,Si,Q15,4,PEX,Internal,1,1.1795230613268748,4.090487014758504
Male,19,1,Si,Si,Si,Q15,3,PEX,Internal,1,1.0256203331036726,3.2490819614660853
Male,19,1,Si,Si,No,Q15,3,PEX,Internal,1,1.0616914054518498,2.9450621668958457
Male,19,1,Si,Si,Si,Q15,2,PEX,Internal,1,0.9925835470014044,1.8258685826711782
Male,19,1,Si,Si,No,Q15,3,PEX,Internal,1,1.2348811917678835,2.8472837833340523
Male,19,0,Si,Si,Si,Q15,3,PEX,Internal,1,1.1609698523876952,2.831286321325904
Male,19,1,Si,Si,Si,Q15,3,PEX,Internal,1,1.1223584077684607,3.132955207512991
Male,19,0,Si,Si,Si,Q15,5,PEX,Internal,1,0.7799007946449805,5.105722271239342
Male,19,0,Si,Si,Si,Q15,3,PEX,Internal,1,1.0979701235173347,2.8107914239842047
Male,19,0,Si,Si,Si,Q15,3,PEX,Internal,1,0.75983804818219,2.843561225327124
Male,19,0,Si,Si,Si,Q15,5,PEX,Internal,1,0.9166817009144244,4.832377745362391
Male,19,0,Si,Si,Si,Q15,3,PEX,Internal,1,0.9209637261161605,3.1521756165451302
Male,19,0,Si,Si,Si,Q15,3,PEX,Internal,1,0.7953111151807655,2.9784505300873994
Male,19,0,Si,Si,Si,Q15,5,PEX,Internal,1,0.9398171031394089,5.18502499543235
Male,19,0,Si,Si,Si,Q15,5,PEX,Internal,1,1.159151152498513,5.1132869384947615
Male,19,0,Si,Si,Si,Q15,4,PEX,Internal,1,1.0221576578295755,4.207578413601391
Male,19,0,Si,Si,Si,Q15,4,PEX,Internal,1,1.1754698482870167,3.8353374545456207
Male,19,0,Si,Si,Si,Q15,4,PEX,Internal,1,1.178238384911536,3.8379063702751743
Male,19,0,Si,Si,Si,Q15,5,PEX,Internal,1,1.200050285062341,5.20056319518189
Male,19,0,Si,Si,Si,Q15,3,PEX,Internal,1,1.016447504119686,3.085641281502413
Male,19,0,Si,Si,Si,Q15,4,PEX,Internal,1,0.8818815878325439,4.114631551615404
Male,19,0,Si,Si,Si,Q15,5,PEX,Internal,1,0.8172365909276353,4.779668261459733
Male,19,0,Si,Si,Si,Q15,4,PEX,Internal,1,1.131076439857335,3.95043084342762
Male,19,0,Si,Si,Si,Q15,4,PEX,Internal,1,0.8598315444278031,3.909141120798272
Male,19,0,Si,Si,Si,Q15,3,PEX,Internal,1,1.1973677413538266,2.778879450634404
Male,19,0,Si,Si,Si,Q15,3,PEX,Internal,1,1.0829521270381095,2.913826074408481
Male,19,0,Si,Si,Si,Q15,3,PEX,Internal,1,1.0964620754037229,3.076659414524356
Male,19,0,Si,Si,Si,Q15,5,PEX,Internal,1,0.8268086630851896,4.8935820369832195
Female,19,0,Si,Si,Si,Q15,5,PEX,Internal,1,1.16871989524238,5.1721442115312115
Male,20,0,Si,Si,Si,Q15,3,PEX,Internal,1,1.1317922194755734,2.965905142164919
Male,20,0,Si,Si,Si,Q15,3,PEX,Internal,1,0.7682742229842319,3.2307086111590015
Male,20,0,Si,Si,Si,Q15,4,PEX,Internal,1,0.861489448410063,3.914264765450227
Female,20,0,Si,Si,Si,Q15,4,PEX,Internal,1,1.1286810854800509,3.934916255592227
Male,20,0,Si,Si,Si,Q15,4,PEX,Internal,1,0.8862555110818844,3.914915373158002
Male,20,0,Si,Si,Si,Q15,4,PEX,Internal,1,1.0460673295618286,3.7673495118553895
Male,20,0,Si,Si,Si,Q15,3,PEX,Internal,1,0.7966763504438641,3.182336348731808
Male,20,0,Si,Si,Si,Q15,3,PEX,Internal,1,0.818583359308013,3.0187971631869184
Male,20,1,Si,Si,Si,Q15,2,PEX,Internal,1,0.8703275397865262,1.794158883347388
Male,20,1,Si,Si,Si,Q15,2,PEX,Internal,1,1.0551095915126663,1.9563344376131129
Male,20,0,Si,Si,No,Q15,3,PEX,Internal,1,1.1145046673660213,3.1808183645150345
Male,20,0,Si,Si,No,Q15,5,PEX,Internal,1,0.9637278233211357,5.096988016380861
Male,20,0,Si,Si,Si,Q15,3,PEX,Internal,1,1.1922765479021995,2.7992260058615517
Male,20,1,Si,Si,Si,Q15,3,PEX,Internal,1,1.2360736460522006,2.9925337746199054
Male,20,0,Si,Si,Si,Q15,2,PEX,Internal,1,0.9284363115515166,2.072431414588451
Male,20,0,Si,Si,Si,Q15,4,PEX,Internal,1,1.1582030616263388,4.04555933418277
Male,20,0,Si,Si,Si,Q15,5,PEX,Internal,1,0.8130027529855566,4.791546424734757
Female,20,0,Si,Si,Si,Q15,5,PEX,Internal,1,1.1580836667739156,4.776722974364504
Male,20,1,Si,Si,Si,Q15,2,PEX,Internal,1,0.8832834640387501,1.9356950420276506
Male,20,0,Si,Si,Si,Q15,5,PEX,Internal,1,1.0964323989325195,5.046502237416144
Male,20,0,Si,Si,Si,Q15,5,PEX,Internal,1,0.9402222627100247,4.781569360967321
Male,20,0,Si,Si,Si,Q15,5,PEX,Internal,1,1.022251974370121,5.023708443245861
Male,20,0,Si,Si,Si,Q15,3,PEX,Internal,1,1.1080328738332976,2.7680458902661065
Male,20,0,Si,Si,Si,Q15,3,PEX,Internal,1,0.8546243315077395,2.7591509522018782
Male,20,0,Si,Si,Si,Q15,3,PEX,Internal,1,0.8856386723844136,3.2369130609200187
Male,20,0,Si,Si,Si,Q15,3,PEX,Internal,1,1.2399126690120994,2.8788904198760514
Male,20,0,Si,Si,Si,Q15,3,PEX,Internal,1,1.1034628988114639,3.216150248586921
Male,20,0,Si,Si,Si,Q15,5,PEX,Internal,1,1.063561402098218,4.9404336028473885
Male,20,0,Si,Si,Si,Q15,4,PEX,Internal,1,1.2368871368419763,4.026688975070007
Male,20,0,Si,Si,Si,Q15,3,PEX,Internal,1,1.0852670827166846,3.1797208371523835
Male,20,0,Si,Si,Si,Q15,5,PEX,Internal,1,1.1453499973657815,5.138625190090254
Female,21,0,Si,Si,No,Q15,3,PEX,Internal,1,1.1418830275260214,2.8997017054640537
Male,21,1,Si,Si,No,Q15,2,PEX,Internal,1,0.9366167174196351,2.07856948124019
Male,21,1,Si,Si,Si,Q15,2,PEX,Internal,1,0.8374649285335534,1.9059114578331027
Male,21,1,Si,Si,Si,Q15,2,PEX,Internal,1,0.9197837822522237,2.1773952890395845
Male,21,1,Si,Si,Si,Q15,3,PEX,Internal,1,1.1210423292556086,2.77946101310181
Male,21,0,Si,Si,Si,Q15,4,PEX,Internal,1,1.084503046106405,3.862569606669518
Male,21,1,Si,Si,Si,Q15,4,PEX,Internal,1,0.894166803853301,4.052086529663625
Male,21,0,Si,Si,Si,Q15,3,PEX,Internal,1,0.7829996238389791,3.106510687912748
Male,21,0,Si,Si,Si,Q15,3,PEX,Internal,1,1.2074835076567423,2.9702239385977283
Male,21,0,Si,Si,Si,Q15,3,PEX,Internal,1,1.0594809279920423,2.816939317423567
Male,21,0,Si,Si,Si,Q15,3,PEX,Internal,1,0.9723145188140845,2.8603783424869538
Male,21,0,Si,Si,Si,Q15,5,PEX,Internal,1,1.1793602091818687,4.7962120856018
Male,21,0,Si,Si,Si,Q15,3,PEX,Internal,1,1.0278496093610798,3.0521358370925697
Male,21,0,Si,Si,Si,Q15,3,PEX,Internal,1,1.050799550385218,2.8458985292354257
Male,21,0,Si,Si,Si,Q15,3,PEX,Internal,1,1.094012665700987,3.1006056416608025
Male,21,0,Si,Si,Si,Q15,5,PEX,Internal,1,1.089750245472395,5.002736117726297
Female,21,0,Si,Si,Si,Q15,4,PEX,Internal,1,0.9697014213151149,4.007530589163158
Male,18,1,Si,Si,No,Q16,1,SI,Internal,2,1.7624840450726698,0.9315114263128832
Male,18,1,Si,Si,Si,Q16,2,SI,Internal,2,2.0192159307867197,2.025604027572385
Male,18,0,Si,Si,Si,Q16,3,SI,Internal,2,2.0347670899346078,3.185815280039223
Male,18,1,Si,Si,Si,Q16,3,SI,Internal,2,1.773318845810464,3.070275690401618
Male,18,1,Si,Si,No,Q16,3,SI,Internal,2,2.2168228570668593,3.1966357207258302
Male,18,0,Si,Si,Si,Q16,3,SI,Internal,2,2.183278674258253,2.8694249825366067
Female,18,1,Si,Si,Si,Q16,2,SI,Internal,2,2.18802834286948,1.784646718989194
Male,18,0,Si,Si,Si,Q16,2,SI,Internal,2,1.9213407992501557,1.792476321260617
Female,18,0,Si,Si,Si,Q16,3,SI,Internal,2,1.8981048949216048,3.092288284931059
Male,18,0,SI,Si,No,Q16,3,SI,Internal,2,1.7515503924669646,3.025273072037015
Male,18,0,Si,Si,Si,Q16,4,SI,Internal,2,1.9995536161685186,4.013444052270306
Male,18,0,Si,Si,Si,Q16,3,SI,Internal,2,2.138181192260306,2.941089147207997
Male,18,0,Si,Si,Si,Q16,3,SI,Internal,2,1.9197362025028255,2.8239519062876703
Male,18,0,Si,Si,Si,Q16,2,SI,Internal,2,1.8013597302989663,1.8426864517339183
Female,18,0,Si,Si,Si,Q16,2,SI,Internal,2,1.8134934984886089,1.992456025347952
Male,18,0,Si,Si,Si,Q16,3,SI,Internal,2,1.7993605048145263,3.0428231433132633
Male,18,0,Si,Si,Si,Q16,2,SI,Internal,2,1.7638214797544034,1.8642157991799433
Male,18,0,Si,Si,Si,Q16,4,SI,Internal,2,2.172192076305598,4.026394484706024
Male,18,0,Si,Si,Si,Q16,2,SI,Internal,2,2.158418292898392,1.7830224131279278
Male,18,0,Si,Si,Si,Q16,5,SI,Internal,2,1.8484842593483575,4.931463391680663
Male,18,0,Si,Si,Si,Q16,2,SI,Internal,2,2.1626136929945727,2.106053259559766
Male,18,0,Si,Si,Si,Q16,3,SI,Internal,2,1.922518933555191,2.8094136697282814
Male,18,0,Si,Si,Si,Q16,2,SI,Internal,2,2.200079217641143,1.878038766332593
Female,18,0,Si,Si,Si,Q16,3,SI,Internal,2,2.197638163996498,3.1766810526217366
Male,18,0,Si,Si,Si,Q16,4,SI,Internal,2,2.143264622823559,3.9607552116580287
Male,18,0,Si,Si,Si,Q16,3,SI,Internal,2,2.124201512099204,2.7979538090773404
Male,18,0,Si,Si,Si,Q16,3,SI,Internal,2,2.072902787444377,2.852270698537887
Male,18,0,Si,Si,Si,Q16,3,SI,Internal,2,2.000413022724439,2.7736000220356902
Male,18,0,Si,Si,Si,Q16,5,SI,Internal,2,1.9628475567814534,4.975143212642599
Male,18,0,Si,Si,Si,Q16,4,SI,Internal,2,2.2084218237590885,3.8122984532431055
Male,18,0,Si,Si,Si,Q16,5,SI,Internal,2,2.1646019502723086,5.033612676659471
Male,18,0,Si,Si,Si,Q16,4,SI,Internal,2,2.2488036023486715,4.169942408661356
Male,18,0,Si,Si,Si,Q16,3,SI,Internal,2,1.91688625969933,3.0527173593146286
Male,18,0,Si,Si,Si,Q16,5,SI,Internal,2,2.179128138344579,4.922367331358491
Male,18,0,Si,Si,Si,Q16,5,SI,Internal,2,2.078230874299018,4.912676037510737
Male,18,0,Si,Si,Si,Q16,2,SI,Internal,2,1.862028481800603,1.765434755588553
Male,18,0,Si,Si,Si,Q16,4,SI,Internal,2,2.191149153795386,4.127748918901656
Male,18,0,Si,Si,Si,Q16,5,SI,Internal,2,2.0617569609063326,4.769582611995771
Male,18,0,Si,Si,Si,Q16,2,SI,Internal,2,2.036735628397992,2.1958038398765956
Male,18,0,Si,Si,Si,Q16,2,SI,Internal,2,1.9901953497868132,1.8599451174954735
Male,18,0,Si,Si,Si,Q16,3,SI,Internal,2,2.156709785264939,3.1711517038122623
Male,19,1,Si,Si,Si,Q16,2,SI,Internal,2,2.0469572755290883,1.8084970215044192
Female,19,1,Si,Si,No,Q16,1,SI,Internal,2,1.8114369912056678,0.8040527335029175
Male,19,1,Si,Si,Si,Q16,1,SI,Internal,2,1.793386540922437,0.8821426415310445
Male,19,1,Si,Si,Si,Q16,2,SI,Internal,2,2.0773710035554642,2.1175335630364582
Male,19,1,Si,Si,No,Q16,2,SI,Internal,2,2.1162150293097315,1.8426137476510789
Male,19,1,Si,Si,Si,Q16,3,SI,Internal,2,2.0819182599872486,2.761008725658089
Male,19,1,Si,Si,No,Q16,1,SI,Internal,2,1.9071378971384574,0.9692644576666194
Male,19,0,Si,Si,Si,Q16,3,SI,Internal,2,1.7686673114195521,3.228265775378901
Male,19,1,Si,Si,Si,Q16,2,SI,Internal,2,1.9211414127654889,1.935092459815269
Male,19,0,Si,Si,Si,Q16,2,SI,Internal,2,2.214192011116947,2.1931554099790276
Male,19,0,Si,Si,Si,Q16,5,SI,Internal,2,1.8277044407484526,4.894837054339088
Male,19,0,Si,Si,Si,Q16,1,SI,Internal,2,1.7732048762857655,0.8357006784459924
Male,19,0,Si,Si,Si,Q16,3,SI,Internal,2,2.1321098642197804,3.2207562353483095
Male,19,0,Si,Si,Si,Q16,5,SI,Internal,2,2.0276231904212456,5.186670446647781
Male,19,0,Si,Si,Si,Q16,3,SI,Internal,2,1.8079863036652553,3.1109630411911513
Male,19,0,Si,Si,Si,Q16,5,SI,Internal,2,2.151773901147765,5.099198128488823
Male,19,0,Si,Si,Si,Q16,4,SI,Internal,2,2.0339369133791494,3.7571745503841063
Male,19,0,Si,Si,Si,Q16,4,SI,Internal,2,1.81079006442583,3.9241121969705333
Male,19,0,Si,Si,Si,Q16,5,SI,Internal,2,1.7899063745934969,5.241013317093402
Male,19,0,Si,Si,Si,Q16,2,SI,Internal,2,1.9913327110109829,1.9006639133489136
Male,19,0,Si,Si,Si,Q16,3,SI,Internal,2,1.9284031792241203,2.845048653706516
Male,19,0,Si,Si,Si,Q16,3,SI,Internal,2,1.7910552063760412,3.1843015308501803
Male,19,0,Si,Si,Si,Q16,4,SI,Internal,2,1.9646535104560177,4.161018730254872
Male,19,0,Si,Si,Si,Q16,3,SI,Internal,2,2.1292389557784475,3.0768444230911367
Male,19,0,Si,Si,Si,Q16,5,SI,Internal,2,1.870898004016237,5.133522616859164
Male,19,0,Si,Si,Si,Q16,3,SI,Internal,2,1.882351263334309,3.0244257292991636
Male,19,0,Si,Si,Si,Q16,3,SI,Internal,2,2.1717175251567933,2.956602141912944
Male,19,0,Si,Si,Si,Q16,3,SI,Internal,2,1.8216467496912454,3.2221304211332367
Male,19,0,Si,Si,Si,Q16,5,SI,Internal,2,1.8105003567098534,5.241899413897189
Male,19,0,Si,Si,Si,Q16,2,SI,Internal,2,2.1144087673344085,2.0920253478939017
Female,19,0,Si,Si,Si,Q16,2,SI,Internal,2,1.794160963730381,2.094972497450064
Male,20,0,Si,Si,Si,Q16,3,SI,Internal,2,1.9199833664744288,3.1051549428306324
Male,20,0,Si,Si,Si,Q16,5,SI,Internal,2,1.9965419434782175,5.184424916230615
Male,20,0,Si,Si,Si,Q16,3,SI,Internal,2,1.7520816431290154,3.1069504000717467
Female,20,0,Si,Si,Si,Q16,5,SI,Internal,2,1.765189699398987,5.230129061974091
Male,20,0,Si,Si,Si,Q16,2,SI,Internal,2,2.0001536052282933,2.199117454339615
Male,20,0,Si,Si,Si,Q16,3,SI,Internal,2,1.9068394071217627,3.1968447920701717
Male,20,0,Si,Si,Si,Q16,3,SI,Internal,2,1.84582874135081,2.8127630036131426
Male,20,0,Si,Si,Si,Q16,3,SI,Internal,2,1.827748243652009,2.760985707211185
Male,20,1,Si,Si,Si,Q16,2,SI,Internal,2,1.9824136924175724,1.8984837987978684
Male,20,1,Si,Si,Si,Q16,1,SI,Internal,2,1.8844343336021359,1.1254634516823705
Male,20,0,Si,Si,No,Q16,3,SI,Internal,2,1.9484517083804729,2.8595488688176527
Male,20,0,Si,Si,No,Q16,2,SI,Internal,2,1.9136103578631536,1.7534540884938101
Male,20,0,Si,Si,Si,Q16,1,SI,Internal,2,2.029848158196738,1.125813805060456
Male,20,1,Si,Si,Si,Q16,3,SI,Internal,2,2.176458994463294,2.7734719361905533
Male,20,0,Si,Si,Si,Q16,2,SI,Internal,2,1.8878382404556087,2.0606207108560373
Male,20,0,Si,Si,Si,Q16,2,SI,Internal,2,2.042721320819796,2.118421299964388
Male,20,0,Si,Si,Si,Q16,2,SI,Internal,2,1.954107206111435,1.9077421002911383
Female,20,0,Si,Si,Si,Q16,5,SI,Internal,2,2.0451115335186705,5.175047424541572
Male,20,1,Si,Si,Si,Q16,3,SI,Internal,2,2.0349528871930236,3.00063368024791
Male,20,0,Si,Si,Si,Q16,2,SI,Internal,2,2.21628235642403,2.1534549938684444
Male,20,0,Si,Si,Si,Q16,2,SI,Internal,2,1.9222808521873915,1.7676227237593771
Male,20,0,Si,Si,Si,Q16,3,SI,Internal,2,1.8445618034109499,2.858400001765333
Male,20,0,Si,Si,Si,Q16,3,SI,Internal,2,1.8909312376112428,2.830657072109244
Male,20,0,Si,Si,Si,Q16,3,SI,Internal,2,1.9900442286559583,3.091528499664914
Male,20,0,Si,Si,Si,Q16,3,SI,Internal,2,1.9262908413958897,3.022754308541778
Male,20,0,Si,Si,Si,Q16,3,SI,Internal,2,1.8599069881690737,3.2263136957784533
Male,20,0,Si,Si,Si,Q16,2,SI,Internal,2,1.9013306054590995,1.9058276043904727
Male,20,0,Si,Si,Si,Q16,5,SI,Internal,2,2.217053395615185,4.82838693975237
Male,20,0,Si,Si,Si,Q16,4,SI,Internal,2,2.1448923817587073,4.142000400136109
Male,20,0,Si,Si,Si,Q16,5,SI,Internal,2,1.973649728038637,5.2235675840193965
Male,20,0,Si,Si,Si,Q16,5,SI,Internal,2,2.0156442600985276,5.0898537500809224
Female,21,0,Si,Si,No,Q16,4,SI,Internal,2,2.2475796794833456,3.924894007454326
Male,21,1,Si,Si,No,Q16,2,SI,Internal,2,2.1019609076024084,1.9896042061554753
Male,21,1,Si,Si,Si,Q16,1,SI,Internal,2,2.1943350054374573,1.052625863904551
Male,21,1,Si,Si,Si,Q16,3,SI,Internal,2,1.7542116142727417,3.2403459017270126
Male,21,1,Si,Si,Si,Q16,2,SI,Internal,2,1.9687496216591516,2.048951285450969
Male,21,0,Si,Si,Si,Q16,2,SI,Internal,2,2.0263988084793865,2.036463191496828
Male,21,1,Si,Si,Si,Q16,2,SI,Internal,2,2.148189908897778,2.0987744506016095
Male,21,0,Si,Si,Si,Q16,2,SI,Internal,2,1.9820510669779106,1.9722267012116457
Male,21,0,Si,Si,Si,Q16,3,SI,Internal,2,1.8452756275750302,2.819201084415397
Male,21,0,Si,Si,Si,Q16,2,SI,Internal,2,2.0188002879994817,2.1319272076175975
Male,21,0,Si,Si,Si,Q16,2,SI,Internal,2,2.244644592086546,1.7918863539713876
Male,21,0,Si,Si,Si,Q16,2,SI,Internal,2,1.9341707645790298,2.007622524099495
Male,21,0,Si,Si,Si,Q16,2,SI,Internal,2,1.8677856512059932,2.2310949373881925
Male,21,0,Si,Si,Si,Q16,4,SI,Internal,2,1.799770571473343,3.968205307629762
Male,21,0,Si,Si,Si,Q16,5,SI,Internal,2,1.7829553364236594,4.880063707601558
Male,21,0,Si,Si,Si,Q16,5,SI,Internal,2,1.7752558139703516,5.043501226982073
Female,21,0,Si,Si,Si,Q16,5,SI,Internal,2,1.7967727857197193,4.983805081019349
Male,18,1,Si,Si,No,Q17,3,SI,Internal,2,2.0107616587295625,3.007042102743662
Male,18,1,Si,Si,Si,Q17,4,SI,Internal,2,2.2295754447327307,3.8378339233281036
Male,18,0,Si,Si,Si,Q17,2,SI,Internal,2,1.8385665869973118,2.049569945329874
Male,18,1,Si,Si,Si,Q17,3,SI,Internal,2,1.7897417740939758,2.972852591929975
Male,18,1,Si,Si,No,Q17,2,SI,Internal,2,1.7825130091076868,1.8842927272174173
Male,18,0,Si,Si,Si,Q17,2,SI,Internal,2,1.9295356314379792,2.2266229803031146
Female,18,1,Si,Si,Si,Q17,3,SI,Internal,2,1.9776052718479855,2.7710591902435926
Male,18,0,Si,Si,Si,Q17,2,SI,Internal,2,2.1111132097324887,2.1011985399690123
Female,18,0,Si,Si,Si,Q17,2,SI,Internal,2,1.826866368056986,1.8466644440292987
Male,18,0,SI,Si,No,Q17,3,SI,Internal,2,2.0970492276930264,3.1072557075922993
Male,18,0,Si,Si,Si,Q17,2,SI,Internal,2,1.9902601113609535,2.1204468664921023
Male,18,0,Si,Si,Si,Q17,3,SI,Internal,2,2.1188058311730535,2.7630541764746894
Male,18,0,Si,Si,Si,Q17,3,SI,Internal,2,1.8352602824629196,2.973293158409068
Male,18,0,Si,Si,Si,Q17,2,SI,Internal,2,1.8664661343413367,2.0241529728968666
Female,18,0,Si,Si,Si,Q17,1,SI,Internal,2,2.149200481713881,0.798001416532844
Male,18,0,Si,Si,Si,Q17,3,SI,Internal,2,2.015309856439462,3.1160890717133514
Male,18,0,Si,Si,Si,Q17,2,SI,Internal,2,1.9125214123603471,1.8300788510065553
Male,18,0,Si,Si,Si,Q17,2,SI,Internal,2,2.1247336238238983,1.758655538771543
Male,18,0,Si,Si,Si,Q17,3,SI,Internal,2,2.108739085814502,3.1454614176724363
Male,18,0,Si,Si,Si,Q17,3,SI,Internal,2,2.2260916494378566,2.938992434406235
Male,18,0,Si,Si,Si,Q17,3,SI,Internal,2,1.8512780907938056,3.127494175513753
Male,18,0,Si,Si,Si,Q17,5,SI,Internal,2,1.915744582497286,4.761822637961904
Male,18,0,Si,Si,Si,Q17,2,SI,Internal,2,1.8047091213587194,1.943013969382764
Female,18,0,Si,Si,Si,Q17,3,SI,Internal,2,2.0355330305791783,2.967524165087843
Male,18,0,Si,Si,Si,Q17,1,SI,Internal,2,1.8709248271493406,0.8148236351815124
Male,18,0,Si,Si,Si,Q17,1,SI,Internal,2,2.0318023356805934,1.0763868105131797
Male,18,0,Si,Si,Si,Q17,4,SI,Internal,2,2.027336399350174,4.235065466143233
Male,18,0,Si,Si,Si,Q17,2,SI,Internal,2,1.9793699106990248,1.8533753879369121
Male,18,0,Si,Si,Si,Q17,2,SI,Internal,2,1.8345366262059049,1.9566518357616944
Male,18,0,Si,Si,Si,Q17,5,SI,Internal,2,2.0789745475810473,5.178046251281718
Male,18,0,Si,Si,Si,Q17,4,SI,Internal,2,1.9233226622980215,3.7806484000809926
Male,18,0,Si,Si,Si,Q17,3,SI,Internal,2,1.982376626314811,3.1032173081370305
Male,18,0,Si,Si,Si,Q17,2,SI,Internal,2,2.2302727335735897,1.7535739211159616
Male,18,0,Si,Si,Si,Q17,4,SI,Internal,2,2.137701727653977,3.817436461920469
Male,18,0,Si,Si,Si,Q17,5,SI,Internal,2,1.9675551777830256,5.238047582981169
Male,18,0,Si,Si,Si,Q17,3,SI,Internal,2,2.011732492956903,2.846200487132392
Male,18,0,Si,Si,Si,Q17,3,SI,Internal,2,2.053868349523727,2.8278504020741835
Male,18,0,Si,Si,Si,Q17,5,SI,Internal,2,1.8669951555927944,5.023109224359166
Male,18,0,Si,Si,Si,Q17,5,SI,Internal,2,1.9915978344910936,4.761089108808591
Male,18,0,Si,Si,Si,Q17,2,SI,Internal,2,2.040020013151921,2.1606925393454874
Male,18,0,Si,Si,Si,Q17,2,SI,Internal,2,2.193399775399968,2.243514664879571
Male,19,1,Si,Si,Si,Q17,2,SI,Internal,2,2.0960833378514208,2.063210317437913
Female,19,1,Si,Si,No,Q17,2,SI,Internal,2,1.9519473521069952,1.8890272316218737
Male,19,1,Si,Si,Si,Q17,1,SI,Internal,2,2.1027658354189103,1.0461888554314738
Male,19,1,Si,Si,Si,Q17,2,SI,Internal,2,2.148226706479787,2.1252986315893305
Male,19,1,Si,Si,No,Q17,2,SI,Internal,2,1.9240915230681748,1.8534969434417623
Male,19,1,Si,Si,Si,Q17,3,SI,Internal,2,1.9236635537215965,2.7660519791757125
Male,19,1,Si,Si,No,Q17,4,SI,Internal,2,1.8643897437834385,4.124948544276731
Male,19,0,Si,Si,Si,Q17,2,SI,Internal,2,2.157200607620342,1.9428823785794962
Male,19,1,Si,Si,Si,Q17,2,SI,Internal,2,2.1189058797246423,1.9866040669031717
Male,19,0,Si,Si,Si,Q17,3,SI,Internal,2,2.1044473802875,2.9975571594281853
Male,19,0,Si,Si,Si,Q17,5,SI,Internal,2,1.9727180545314145,4.757628274576743
Male,19,0,Si,Si,Si,Q17,4,SI,Internal,2,1.9617460223738514,3.9979189873364467
Male,19,0,Si,Si,Si,Q17,3,SI,Internal,2,2.0297604275677568,2.909710623175417
Male,19,0,Si,Si,Si,Q17,3,SI,Internal,2,2.1411595615124766,3.0341644077326206
Male,19,0,Si,Si,Si,Q17,3,SI,Internal,2,1.9867026181333318,3.175037909214885
Male,19,0,Si,Si,Si,Q17,1,SI,Internal,2,2.248472473072248,0.7631376863308461
Male,19,0,Si,Si,Si,Q17,3,SI,Internal,2,2.216741762034894,2.844720187483171
Male,19,0,Si,Si,Si,Q17,3,SI,Internal,2,2.1451560103563967,2.9279984976379736
Male,19,0,Si,Si,Si,Q17,3,SI,Internal,2,1.9298639075973605,3.088917381913499
Male,19,0,Si,Si,Si,Q17,4,SI,Internal,2,2.0934037805069843,3.756262921295132
Male,19,0,Si,Si,Si,Q17,3,SI,Internal,2,1.8443014911273625,2.970419854098673
Male,19,0,Si,Si,Si,Q17,3,SI,Internal,2,2.1639266346141497,3.1639231236264447
Male,19,0,Si,Si,Si,Q17,1,SI,Internal,2,1.8348084920149157,0.8024619341985235
Male,19,0,Si,Si,Si,Q17,4,SI,Internal,2,1.828711986880382,3.7895814939835493
Male,19,0,Si,Si,Si,Q17,3,SI,Internal,2,2.1999052316876977,3.1804227225720383
Male,19,0,Si,Si,Si,Q17,4,SI,Internal,2,2.122008213431254,4.2102936672712845
Male,19,0,Si,Si,Si,Q17,5,SI,Internal,2,2.040539609011535,5.123844604706352
Male,19,0,Si,Si,Si,Q17,4,SI,Internal,2,2.0117780484330448,3.98879179924268
Male,19,0,Si,Si,Si,Q17,4,SI,Internal,2,2.069012242117138,3.993349144687092
Male,19,0,Si,Si,Si,Q17,2,SI,Internal,2,1.8952527965738457,1.7721287891833195
Female,19,0,Si,Si,Si,Q17,4,SI,Internal,2,1.8585359565813593,3.9654009473415446
Male,20,0,Si,Si,Si,Q17,3,SI,Internal,2,1.86733339070741,2.868302210569776
Male,20,0,Si,Si,Si,Q17,3,SI,Internal,2,2.2090562023664546,2.9199492820024817
Male,20,0,Si,Si,Si,Q17,2,SI,Internal,2,1.8466956877336926,2.0393100800807673
Female,20,0,Si,Si,Si,Q17,3,SI,Internal,2,2.030002641557917,2.772472446322259
Male,20,0,Si,Si,Si,Q17,2,SI,Internal,2,2.030817004020453,2.2388371461175263
Male,20,0,Si,Si,Si,Q17,2,SI,Internal,2,2.1521992117781523,1.800332093838707
Male,20,0,Si,Si,Si,Q17,3,SI,Internal,2,2.0666435079227554,2.9739060184418333
Male,20,0,Si,Si,Si,Q17,3,SI,Internal,2,1.923321027233997,2.972643373496756
Male,20,1,Si,Si,Si,Q17,3,SI,Internal,2,2.024512143474573,2.7560728783977075
Male,20,1,Si,Si,Si,Q17,3,SI,Internal,2,1.9618770584330871,3.0787565382179816
Male,20,0,Si,Si,No,Q17,2,SI,Internal,2,1.9763267518335286,2.189032265437998
Male,20,0,Si,Si,No,Q17,2,SI,Internal,2,2.224169558279279,1.8093358214098743
Male,20,0,Si,Si,Si,Q17,3,SI,Internal,2,2.1296322927520306,2.819416645971058
Male,20,1,Si,Si,Si,Q17,3,SI,Internal,2,1.9029168917966364,3.2072225777065286
Male,20,0,Si,Si,Si,Q17,2,SI,Internal,2,1.7751331683040235,1.9100448596224373
Male,20,0,Si,Si,Si,Q17,3,SI,Internal,2,1.8213768634901317,2.8770793223189868
Male,20,0,Si,Si,Si,Q17,3,SI,Internal,2,1.8790711608793993,3.2131446871705682
Female,20,0,Si,Si,Si,Q17,4,SI,Internal,2,1.812483354297028,3.80412702152681
Male,20,1,Si,Si,Si,Q17,3,SI,Internal,2,2.136250617209415,3.184485950329471
Male,20,0,Si,Si,Si,Q17,3,SI,Internal,2,1.8581715130435588,3.0327270743824064
Male,20,0,Si,Si,Si,Q17,3,SI,Internal,2,2.2474494433880285,3.2104947798480663
Male,20,0,Si,Si,Si,Q17,2,SI,Internal,2,2.1908738401502243,2.202995150485143
Male,20,0,Si,Si,Si,Q17,2,SI,Internal,2,1.8802601286055083,2.164575256999734
Male,20,0,Si,Si,Si,Q17,4,SI,Internal,2,1.954220409776119,4.00277471763565
Male,20,0,Si,Si,Si,Q17,3,SI,Internal,2,2.0941325244027724,2.7608196464296766
Male,20,0,Si,Si,Si,Q17,3,SI,Internal,2,2.080458480247564,3.219258703851831
Male,20,0,Si,Si,Si,Q17,3,SI,Internal,2,1.9222994212000915,3.0652552710248098
Male,20,0,Si,Si,Si,Q17,5,SI,Internal,2,1.9452304566576517,4.827201469011727
Male,20,0,Si,Si,Si,Q17,5,SI,Internal,2,2.057914385384392,5.038235746033814
Male,20,0,Si,Si,Si,Q17,4,SI,Internal,2,2.0381261121687198,3.9304767870996304
Male,20,0,Si,Si,Si,Q17,5,SI,Internal,2,2.001128548813689,4.894297156777143
Female,21,0,Si,Si,No,Q17,2,SI,Internal,2,2.1314912241942356,1.8901544407120632
Male,21,1,Si,Si,No,Q17,2,SI,Internal,2,2.0399180197141136,2.124975634340227
Male,21,1,Si,Si,Si,Q17,2,SI,Internal,2,1.8136728861843987,1.8525098172238308
Male,21,1,Si,Si,Si,Q17,3,SI,Internal,2,2.0359370441364,2.7624793656260844
Male,21,1,Si,Si,Si,Q17,2,SI,Internal,2,2.1151065702988383,2.0700295397490525
Male,21,0,Si,Si,Si,Q17,4,SI,Internal,2,1.870312713676658,4.220163804559361
Male,21,1,Si,Si,Si,Q17,3,SI,Internal,2,2.1348788818289663,2.801498700364902
Male,21,0,Si,Si,Si,Q17,3,SI,Internal,2,2.1213821151911136,2.9643536180608083
Male,21,0,Si,Si,Si,Q17,5,SI,Internal,2,2.1468933567669337,5.133256701063617
Male,21,0,Si,Si,Si,Q17,5,SI,Internal,2,1.9375993806410623,4.971298786733332
Male,21,0,Si,Si,Si,Q17,2,SI,Internal,2,1.8684178788255204,1.9202229458818443
Male,21,0,Si,Si,Si,Q17,3,SI,Internal,2,1.88099406179481,3.2462963991330875
Male,21,0,Si,Si,Si,Q17,4,SI,Internal,2,2.23045219379319,4.120178648540113
Male,21,0,Si,Si,Si,Q17,5,SI,Internal,2,1.8366625567323056,5.146813883425921
Male,21,0,Si,Si,Si,Q17,2,SI,Internal,2,2.023691395436553,1.7710647168761335
Male,21,0,Si,Si,Si,Q17,2,SI,Internal,2,1.8041944617530112,2.0872622198621538
Female,21,0,Si,Si,Si,Q17,4,SI,Internal,2,1.7765475907368504,4.232877565690972
Male,18,1,Si,Si,No,Q18,4,FC,Internal,3,2.9726441500005043,3.813299365453676
Male,18,1,Si,Si,Si,Q18,3,FC,Internal,3,2.8838067966546634,3.123987408418996
Male,18,0,Si,Si,Si,Q18,3,FC,Internal,3,3.1375682288882913,3.011688938548559
Male,18,1,Si,Si,Si,Q18,4,FC,Internal,3,3.0215492426876684,3.9212650007830447
Male,18,1,Si,Si,No,Q18,2,FC,Internal,3,2.9353299783943805,2.132454525967242
Male,18,0,Si,Si,Si,Q18,3,FC,Internal,3,2.7890464545032394,3.1578534849360795
Female,18,1,Si,Si,Si,Q18,5,FC,Internal,3,2.9374229008825288,5.223552900804608
Male,18,0,Si,Si,Si,Q18,3,FC,Internal,3,2.8072303323170056,3.1810730355421204
Female,18,0,Si,Si,Si,Q18,3,FC,Internal,3,2.938575890872386,3.1126580412574953
Male,18,0,SI,Si,No,Q18,2,FC,Internal,3,3.0210782869741943,2.201756551451451
Male,18,0,Si,Si,Si,Q18,2,FC,Internal,3,2.9902129067627854,2.0383161291267857
Male,18,0,Si,Si,Si,Q18,5,FC,Internal,3,2.8448964092062816,4.816331116579101
Male,18,0,Si,Si,Si,Q18,3,FC,Internal,3,2.82370751442953,2.8528434200156974
Male,18,0,Si,Si,Si,Q18,2,FC,Internal,3,2.8035073060304825,2.2088325687212964
Female,18,0,Si,Si,Si,Q18,4,FC,Internal,3,3.0283221436725873,3.9872199760376406
Male,18,0,Si,Si,Si,Q18,3,FC,Internal,3,2.8685043329939974,2.8183043370224277
Male,18,0,Si,Si,Si,Q18,3,FC,Internal,3,3.2100973486493585,3.076211532145851
Male,18,0,Si,Si,Si,Q18,2,FC,Internal,3,2.9677090530686083,1.7814059870293932
Male,18,0,Si,Si,Si,Q18,2,FC,Internal,3,3.191981298590884,1.9964147662161986
Male,18,0,Si,Si,Si,Q18,4,FC,Internal,3,3.1201868824340955,3.773976872758463
Male,18,0,Si,Si,Si,Q18,2,FC,Internal,3,2.875687144166574,2.200584565543274
Male,18,0,Si,Si,Si,Q18,4,FC,Internal,3,2.9559664714083684,3.7534174889524223
Male,18,0,Si,Si,Si,Q18,5,FC,Internal,3,2.8972763066008698,5.200528264263654
Female,18,0,Si,Si,Si,Q18,3,FC,Internal,3,2.7681629190692005,2.9175333176404377
Male,18,0,Si,Si,Si,Q18,5,FC,Internal,3,3.064057321310762,5.001429332059902
Male,18,0,Si,Si,Si,Q18,3,FC,Internal,3,2.792645644275602,2.7570873802849065
Male,18,0,Si,Si,Si,Q18,5,FC,Internal,3,3.0365811725609992,5.22059129482372
Male,18,0,Si,Si,Si,Q18,2,FC,Internal,3,2.960932959472391,2.1540953042859643
Male,18,0,Si,Si,Si,Q18,4,FC,Internal,3,2.9612390973181903,3.9719080952809627
Male,18,0,Si,Si,Si,Q18,3,FC,Internal,3,2.9892112941694147,3.0461642513729568
Male,18,0,Si,Si,Si,Q18,3,FC,Internal,3,2.7683813699222726,3.1080575766636773
Male,18,0,Si,Si,Si,Q18,2,FC,Internal,3,3.0122279069255584,1.7959867386259094
Male,18,0,Si,Si,Si,Q18,3,FC,Internal,3,2.821858926759329,2.7672720663736
Male,18,0,Si,Si,Si,Q18,3,FC,Internal,3,2.9302922089286803,2.9431846402711637
Male,18,0,Si,Si,Si,Q18,4,FC,Internal,3,2.9539379876851966,3.8568733133279522
Male,18,0,Si,Si,Si,Q18,4,FC,Internal,3,3.1689737734153285,4.215331214896522
Male,18,0,Si,Si,Si,Q18,3,FC,Internal,3,3.1891713132946364,2.8624477732437463
Male,18,0,Si,Si,Si,Q18,5,FC,Internal,3,2.7803311499225787,4.970849479012899
Male,18,0,Si,Si,Si,Q18,3,FC,Internal,3,3.1904244554972956,3.1172565932823026
Male,18,0,Si,Si,Si,Q18,4,FC,Internal,3,3.192151146804286,4.237906795319685
Male,18,0,Si,Si,Si,Q18,5,FC,Internal,3,2.7642138835806205,5.245610336307988
Male,19,1,Si,Si,Si,Q18,3,FC,Internal,3,2.78544467226585,2.9673703009433914
Female,19,1,Si,Si,No,Q18,2,FC,Internal,3,3.041617184897758,2.0880370478873695
Male,19,1,Si,Si,Si,Q18,3,FC,Internal,3,3.2173563761394464,2.990703643873455
Male,19,1,Si,Si,Si,Q18,4,FC,Internal,3,2.866081966942002,3.856820566643264
Male,19,1,Si,Si,No,Q18,2,FC,Internal,3,2.8957714965151204,2.047362792914626
Male,19,1,Si,Si,Si,Q18,1,FC,Internal,3,2.862696681767729,1.2417848034178762
Male,19,1,Si,Si,No,Q18,2,FC,Internal,3,2.9740199590604264,2.1731498144966412
Male,19,0,Si,Si,Si,Q18,4,FC,Internal,3,3.127520499922608,3.90437363695625
Male,19,1,Si,Si,Si,Q18,3,FC,Internal,3,2.823676221107246,3.0288355458418956
Male,19,0,Si,Si,Si,Q18,3,FC,Internal,3,2.76107973084184,3.241764012310125
Male,19,0,Si,Si,Si,Q18,2,FC,Internal,3,3.2278392300749514,2.1801068005831508
Male,19,0,Si,Si,Si,Q18,4,FC,Internal,3,3.2003383227218016,3.978412219587259
Male,19,0,Si,Si,Si,Q18,3,FC,Internal,3,3.23160410763608,2.9964383416503875
Male,19,0,Si,Si,Si,Q18,3,FC,Internal,3,2.8683416779994766,2.837685769653103
Male,19,0,Si,Si,Si,Q18,3,FC,Internal,3,3.0578770667153172,2.9379975398220846
Male,19,0,Si,Si,Si,Q18,3,FC,Internal,3,2.958333243701923,2.930527068403662
Male,19,0,Si,Si,Si,Q18,2,FC,Internal,3,2.764213593803825,1.9628802638714529
Male,19,0,Si,Si,Si,Q18,3,FC,Internal,3,3.1023237110759494,2.8365736526510235
Male,19,0,Si,Si,Si,Q18,5,FC,Internal,3,3.009101790284239,5.163033357233334
Male,19,0,Si,Si,Si,Q18,3,FC,Internal,3,3.0804716898148734,2.8553981154576933
Male,19,0,Si,Si,Si,Q18,5,FC,Internal,3,2.902986309448579,5.1535144464315055
Male,19,0,Si,Si,Si,Q18,2,FC,Internal,3,2.762613798487068,1.8544283443618226
Male,19,0,Si,Si,Si,Q18,5,FC,Internal,3,3.0487588202114986,5.055455178315166
Male,19,0,Si,Si,Si,Q18,4,FC,Internal,3,3.0599892802455937,3.8888418734578165
Male,19,0,Si,Si,Si,Q18,3,FC,Internal,3,3.1889785721286774,3.0598882539373307
Male,19,0,Si,Si,Si,Q18,5,FC,Internal,3,3.070614777272072,5.197228542663954
Male,19,0,Si,Si,Si,Q18,5,FC,Internal,3,2.8481971798858545,5.007738556427869
Male,19,0,Si,Si,Si,Q18,3,FC,Internal,3,2.8286502965162184,3.197892016208782
Male,19,0,Si,Si,Si,Q18,5,FC,Internal,3,3.213759343302195,4.960387555967848
Male,19,0,Si,Si,Si,Q18,2,FC,Internal,3,2.943292196323211,2.075489023931966
Female,19,0,Si,Si,Si,Q18,4,FC,Internal,3,2.9441703882379917,3.793409037173036
Male,20,0,Si,Si,Si,Q18,5,FC,Internal,3,2.7673395901819213,5.081383538810591
Male,20,0,Si,Si,Si,Q18,5,FC,Internal,3,3.216756099045325,4.905479846791263
Male,20,0,Si,Si,Si,Q18,5,FC,Internal,3,3.0977782247069183,5.197498229575879
Female,20,0,Si,Si,Si,Q18,2,FC,Internal,3,2.8977402172551296,1.8251734761530702
Male,20,0,Si,Si,Si,Q18,3,FC,Internal,3,2.8978573610140157,3.2026165810201435
Male,20,0,Si,Si,Si,Q18,5,FC,Internal,3,2.9012970588255245,4.863507329358365
Male,20,0,Si,Si,Si,Q18,5,FC,Internal,3,3.0058491718384186,4.885107257282706
Male,20,0,Si,Si,Si,Q18,4,FC,Internal,3,3.120723021365626,4.131373794233858
Male,20,1,Si,Si,Si,Q18,2,FC,Internal,3,3.0406480633588533,1.9896235352458769
Male,20,1,Si,Si,Si,Q18,4,FC,Internal,3,3.1452310310592613,4.078218041810057
Male,20,0,Si,Si,No,Q18,3,FC,Internal,3,2.7749725090208663,3.0282745917244296
Male,20,0,Si,Si,No,Q18,4,FC,Internal,3,3.113830551433831,4.090599989669259
Male,20,0,Si,Si,Si,Q18,3,FC,Internal,3,2.8148438782393703,3.011249477769757
Male,20,1,Si,Si,Si,Q18,2,FC,Internal,3,2.938295475527372,1.9425288774622116
Male,20,0,Si,Si,Si,Q18,2,FC,Internal,3,2.8767095555573126,1.847113988182469
Male,20,0,Si,Si,Si,Q18,3,FC,Internal,3,3.0074755541217946,3.234386046778532
Male,20,0,Si,Si,Si,Q18,2,FC,Internal,3,3.2096993759941466,1.8903202549791764
Female,20,0,Si,Si,Si,Q18,4,FC,Internal,3,2.781668781995305,4.051447564684729
Male,20,1,Si,Si,Si,Q18,4,FC,Internal,3,3.047805938317246,4.142611289794499
Male,20,0,Si,Si,Si,Q18,3,FC,Internal,3,2.9210531527493955,2.9867154733980885
Male,20,0,Si,Si,Si,Q18,3,FC,Internal,3,3.1178013034799528,3.052668455401587
Male,20,0,Si,Si,Si,Q18,2,FC,Internal,3,2.849159771663376,1.865820233118562
Male,20,0,Si,Si,Si,Q18,3,FC,Internal,3,3.03658224587629,2.9226267223323554
Male,20,0,Si,Si,Si,Q18,2,FC,Internal,3,3.1658619444612928,1.974621606552478
Male,20,0,Si,Si,Si,Q18,4,FC,Internal,3,2.9485869662821287,4.1616326056895385
Male,20,0,Si,Si,Si,Q18,4,FC,Internal,3,2.8246560375644756,3.774990282598637
Male,20,0,Si,Si,Si,Q18,4,FC,Internal,3,2.9870156927340994,3.8511642708102576
Male,20,0,Si,Si,Si,Q18,4,FC,Internal,3,2.7893502642574406,4.091761888025734
Male,20,0,Si,Si,Si,Q18,4,FC,Internal,3,3.0887533164381233,3.9213063834065567
Male,20,0,Si,Si,Si,Q18,4,FC,Internal,3,3.1609526313754186,4.102738248265455
Male,20,0,Si,Si,Si,Q18,4,FC,Internal,3,2.8754398911322756,4.179481877678987
Female,21,0,Si,Si,No,Q18,2,FC,Internal,3,2.9319422986150814,2.165132876970047
Male,21,1,Si,Si,No,Q18,3,FC,Internal,3,3.0952399555144994,2.762648990359925
Male,21,1,Si,Si,Si,Q18,4,FC,Internal,3,2.909628098023816,3.9351295177806493
Male,21,1,Si,Si,Si,Q18,2,FC,Internal,3,3.189648263464472,1.8470394618659913
Male,21,1,Si,Si,Si,Q18,3,FC,Internal,3,3.137824058946926,2.9196833099046753
Male,21,0,Si,Si,Si,Q18,3,FC,Internal,3,2.8354491674188327,2.851727007089332
Male,21,1,Si,Si,Si,Q18,2,FC,Internal,3,2.9404568115534144,1.7728148914202584
Male,21,0,Si,Si,Si,Q18,3,FC,Internal,3,2.91260183048722,2.9161811063488106
Male,21,0,Si,Si,Si,Q18,5,FC,Internal,3,2.840624622401334,4.767493224759142
Male,21,0,Si,Si,Si,Q18,5,FC,Internal,3,2.9253725458127593,4.863258204052533
Male,21,0,Si,Si,Si,Q18,2,FC,Internal,3,2.8790794954119394,1.968687844551562
Male,21,0,Si,Si,Si,Q18,2,FC,Internal,3,3.1427556620244776,1.7842540802602174
Male,21,0,Si,Si,Si,Q18,3,FC,Internal,3,2.8290662632760264,2.9352009347434507
Male,21,0,Si,Si,Si,Q18,4,FC,Internal,3,2.774584366271393,3.8671007263510706
Male,21,0,Si,Si,Si,Q18,5,FC,Internal,3,2.941211863343981,4.802683071204318
Male,21,0,Si,Si,Si,Q18,3,FC,Internal,3,2.8087555824482253,2.843530629477278
Female,21,0,Si,Si,Si,Q18,4,FC,Internal,3,2.8275499358357945,3.8154853548516963
Male,18,1,Si,Si,No,Q19,2,FC,Internal,3,3.1930332612847065,1.8350209173982668
Male,18,1,Si,Si,Si,Q19,2,FC,Internal,3,3.1968313619312054,1.7747233559336935
Male,18,0,Si,Si,Si,Q19,4,FC,Internal,3,3.1629379032050475,4.196183814808257
Male,18,1,Si,Si,Si,Q19,2,FC,Internal,3,2.939331614450463,1.9595389632355102
Male,18,1,Si,Si,No,Q19,3,FC,Internal,3,3.095235706526411,3.1982914552807253
Male,18,0,Si,Si,Si,Q19,3,FC,Internal,3,3.0677469768768453,2.8310176910773555
Female,18,1,Si,Si,Si,Q19,3,FC,Internal,3,3.2314354210492002,3.1967386301749166
Male,18,0,Si,Si,Si,Q19,3,FC,Internal,3,3.2264419560284363,3.1441248982491246
Female,18,0,Si,Si,Si,Q19,4,FC,Internal,3,3.0590023355214204,3.758027747672924
Male,18,0,SI,Si,No,Q19,4,FC,Internal,3,2.8578281318374157,4.1666032251076075
Male,18,0,Si,Si,Si,Q19,4,FC,Internal,3,3.239118577392457,4.207071493550163
Male,18,0,Si,Si,Si,Q19,2,FC,Internal,3,3.045225480117169,1.8894441095115044
Male,18,0,Si,Si,Si,Q19,5,FC,Internal,3,2.7886227901059586,5.035327430147106
Male,18,0,Si,Si,Si,Q19,4,FC,Internal,3,2.78729297902271,4.073122121133489
Female,18,0,Si,Si,Si,Q19,3,FC,Internal,3,2.867635964232335,3.0469004106295476
Male,18,0,Si,Si,Si,Q19,3,FC,Internal,3,3.1644857058130684,3.092694994168189
Male,18,0,Si,Si,Si,Q19,3,FC,Internal,3,2.9799560783073593,3.211759328738109
Male,18,0,Si,Si,Si,Q19,4,FC,Internal,3,2.991758545466078,4.150277799979139
Male,18,0,Si,Si,Si,Q19,3,FC,Internal,3,3.124883655274147,2.8931024244353347
Male,18,0,Si,Si,Si,Q19,2,FC,Internal,3,3.1857481784379855,2.210976100402668
Male,18,0,Si,Si,Si,Q19,2,FC,Internal,3,2.794512995439543,1.9903379330709248
Male,18,0,Si,Si,Si,Q19,2,FC,Internal,3,3.039425698501147,2.2495447946257476
Male,18,0,Si,Si,Si,Q19,3,FC,Internal,3,3.1513890816677548,3.0292947787638655
Female,18,0,Si,Si,Si,Q19,4,FC,Internal,3,2.9874240533691,3.9132779956648056
Male,18,0,Si,Si,Si,Q19,3,FC,Internal,3,2.8558055269379365,2.9072168651142065
Male,18,0,Si,Si,Si,Q19,5,FC,Internal,3,2.9369336563635255,4.822536314662679
Male,18,0,Si,Si,Si,Q19,5,FC,Internal,3,2.9412789917259974,4.973962143207274
Male,18,0,Si,Si,Si,Q19,3,FC,Internal,3,3.1753476228319877,2.980553068751224
Male,18,0,Si,Si,Si,Q19,3,FC,Internal,3,2.936675303988827,2.952759319591182
Male,18,0,Si,Si,Si,Q19,4,FC,Internal,3,3.07914179920369,3.981881437192899
Male,18,0,Si,Si,Si,Q19,4,FC,Internal,3,3.1400632270191196,3.9524126328099047
Male,18,0,Si,Si,Si,Q19,4,FC,Internal,3,3.1835477331815003,3.9569943564038565
Male,18,0,Si,Si,Si,Q19,2,FC,Internal,3,2.818165589197803,2.1902979109658833
Male,18,0,Si,Si,Si,Q19,3,FC,Internal,3,2.932939660899408,3.0250107951937344
Male,18,0,Si,Si,Si,Q19,5,FC,Internal,3,3.114503978099,5.198555390374743
Male,18,0,Si,Si,Si,Q19,3,FC,Internal,3,2.840025847281536,2.894114600409164
Male,18,0,Si,Si,Si,Q19,4,FC,Internal,3,3.1742204128259086,3.9709931377309946
Male,18,0,Si,Si,Si,Q19,4,FC,Internal,3,2.768769047708458,3.802718502266023
Male,18,0,Si,Si,Si,Q19,5,FC,Internal,3,3.1344133717117684,5.051198165640015
Male,18,0,Si,Si,Si,Q19,5,FC,Internal,3,3.231501933796518,5.004085374748061
Male,18,0,Si,Si,Si,Q19,4,FC,Internal,3,2.8673963942107523,4.158229331489002
Male,19,1,Si,Si,Si,Q19,3,FC,Internal,3,2.8431796543836114,3.2467963926219108
Female,19,1,Si,Si,No,Q19,3,FC,Internal,3,3.094937094935328,3.1257895175187116
Male,19,1,Si,Si,Si,Q19,3,FC,Internal,3,2.8991500991171724,3.024961640369349
Male,19,1,Si,Si,Si,Q19,2,FC,Internal,3,3.1670621328724553,1.964605483241911
Male,19,1,Si,Si,No,Q19,3,FC,Internal,3,3.1566015091432305,2.9919927274593503
Male,19,1,Si,Si,Si,Q19,3,FC,Internal,3,2.7727188030830687,2.8754435686747226
Male,19,1,Si,Si,No,Q19,3,FC,Internal,3,2.968398909570189,3.1940885115897273
Male,19,0,Si,Si,Si,Q19,4,FC,Internal,3,2.7971072381496365,4.226015476727641
Male,19,1,Si,Si,Si,Q19,3,FC,Internal,3,2.766982593895917,3.1828912980450292
Male,19,0,Si,Si,Si,Q19,4,FC,Internal,3,2.840850681315326,3.786992933752231
Male,19,0,Si,Si,Si,Q19,1,FC,Internal,3,2.880114515030078,1.2016843313719303
Male,19,0,Si,Si,Si,Q19,4,FC,Internal,3,2.903128760604289,4.231006884317866
Male,19,0,Si,Si,Si,Q19,2,FC,Internal,3,3.1999189385330684,1.770122637869127
Male,19,0,Si,Si,Si,Q19,2,FC,Internal,3,3.095152021353802,2.091864502097332
Male,19,0,Si,Si,Si,Q19,2,FC,Internal,3,2.8895722877263754,1.801861254870213
Male,19,0,Si,Si,Si,Q19,4,FC,Internal,3,3.089781714191425,3.831219432194554
Male,19,0,Si,Si,Si,Q19,3,FC,Internal,3,2.9905595974126493,3.2399925130021203
Male,19,0,Si,Si,Si,Q19,4,FC,Internal,3,3.186795636882765,4.114915432612731
Male,19,0,Si,Si,Si,Q19,3,FC,Internal,3,2.925357050599497,2.764234205957617
Male,19,0,Si,Si,Si,Q19,5,FC,Internal,3,2.8476596509559573,5.094264902778599
Male,19,0,Si,Si,Si,Q19,4,FC,Internal,3,2.895850439963026,3.816187850584802
Male,19,0,Si,Si,Si,Q19,4,FC,Internal,3,2.9088832308885593,3.926968695697478
Male,19,0,Si,Si,Si,Q19,3,FC,Internal,3,3.2381985105133078,3.237951871398063
Male,19,0,Si,Si,Si,Q19,4,FC,Internal,3,3.0617277850450435,4.030801272204545
Male,19,0,Si,Si,Si,Q19,3,FC,Internal,3,2.9402307146026234,3.116168856608973
Male,19,0,Si,Si,Si,Q19,4,FC,Internal,3,3.214395681606151,3.79867508283996
Male,19,0,Si,Si,Si,Q19,4,FC,Internal,3,2.900155413172301,4.151970292227462
Male,19,0,Si,Si,Si,Q19,3,FC,Internal,3,3.2096081391115505,2.9004292595068586
Male,19,0,Si,Si,Si,Q19,4,FC,Internal,3,2.980786000920753,4.183210684218347
Male,19,0,Si,Si,Si,Q19,4,FC,Internal,3,2.8645094256681833,3.8708765711470665
Female,19,0,Si,Si,Si,Q19,5,FC,Internal,3,2.9426458410747522,4.839146239067015
Male,20,0,Si,Si,Si,Q19,5,FC,Internal,3,3.1033087486700452,4.870797100598179
Male,20,0,Si,Si,Si,Q19,3,FC,Internal,3,3.220132753994702,3.0204310138079284
Male,20,0,Si,Si,Si,Q19,5,FC,Internal,3,2.7961857351924935,4.801730185966151
Female,20,0,Si,Si,Si,Q19,4,FC,Internal,3,2.9919156909063163,3.795293073585497
Male,20,0,Si,Si,Si,Q19,5,FC,Internal,3,3.2241095643639013,4.833092341914101
Male,20,0,Si,Si,Si,Q19,4,FC,Internal,3,3.174995178323428,3.868981786796388
Male,20,0,Si,Si,Si,Q19,4,FC,Internal,3,3.006698509296639,4.1180455362225175
Male,20,0,Si,Si,Si,Q19,4,FC,Internal,3,2.9496505629707204,3.909858221750987
Male,20,1,Si,Si,Si,Q19,3,FC,Internal,3,3.102301399084562,3.188531535474107
Male,20,1,Si,Si,Si,Q19,2,FC,Internal,3,3.194740683525053,1.8196989286750407
Male,20,0,Si,Si,No,Q19,4,FC,Internal,3,3.1340109713098956,3.9921357445011862
Male,20,0,Si,Si,No,Q19,4,FC,Internal,3,2.9338199601923236,4.060897509422055
Male,20,0,Si,Si,Si,Q19,3,FC,Internal,3,3.077834921263724,3.059047629044987
Male,20,1,Si,Si,Si,Q19,3,FC,Internal,3,2.921572760532713,2.8361408955697467
Male,20,0,Si,Si,Si,Q19,3,FC,Internal,3,3.0013155357425174,2.8895463830953605
Male,20,0,Si,Si,Si,Q19,3,FC,Internal,3,3.1703155550409443,3.24530440405418
Male,20,0,Si,Si,Si,Q19,3,FC,Internal,3,3.0978079673952483,2.847494160993584
Female,20,0,Si,Si,Si,Q19,3,FC,Internal,3,2.7706977583133603,2.877056692703827
Male,20,1,Si,Si,Si,Q19,3,FC,Internal,3,3.0740666219298687,2.8163427908908814
Male,20,0,Si,Si,Si,Q19,5,FC,Internal,3,3.153370210995811,5.1175087064651335
Male,20,0,Si,Si,Si,Q19,4,FC,Internal,3,3.175516224369273,4.083675886061179
Male,20,0,Si,Si,Si,Q19,4,FC,Internal,3,2.8424363247580375,4.1186487501074085
Male,20,0,Si,Si,Si,Q19,3,FC,Internal,3,2.881124947000114,2.9499285761176264
Male,20,0,Si,Si,Si,Q19,3,FC,Internal,3,3.1904725313036835,2.9500809496167686
Male,20,0,Si,Si,Si,Q19,4,FC,Internal,3,3.0365574210994297,3.8654976524031825
Male,20,0,Si,Si,Si,Q19,4,FC,Internal,3,3.1637299370518184,3.9121935268701895
Male,20,0,Si,Si,Si,Q19,4,FC,Internal,3,2.8189579384727628,3.9970533810997644
Male,20,0,Si,Si,Si,Q19,5,FC,Internal,3,2.9214638376076625,4.964915146749086
Male,20,0,Si,Si,Si,Q19,2,FC,Internal,3,2.8833195479333305,1.8227425369660866
Male,20,0,Si,Si,Si,Q19,3,FC,Internal,3,2.909888882540693,3.079782466240895
Male,20,0,Si,Si,Si,Q19,3,FC,Internal,3,2.8386290018895974,2.8916978704035246
Female,21,0,Si,Si,No,Q19,2,FC,Internal,3,3.16145883190053,2.1170540854447237
Male,21,1,Si,Si,No,Q19,2,FC,Internal,3,3.0705096313503324,1.9141045304253161
Male,21,1,Si,Si,Si,Q19,4,FC,Internal,3,3.2366890242709836,4.0976689749443205
Male,21,1,Si,Si,Si,Q19,4,FC,Internal,3,3.1820219077213383,4.169309466276189
Male,21,1,Si,Si,Si,Q19,4,FC,Internal,3,2.931069204077779,4.0855409087352745
Male,21,0,Si,Si,Si,Q19,3,FC,Internal,3,3.0612551995675252,2.9752075005710497
Male,21,1,Si,Si,Si,Q19,1,FC,Internal,3,3.1699476694751185,0.8117863737215067
Male,21,0,Si,Si,Si,Q19,2,FC,Internal,3,3.1114837264512385,2.0222490515959364
Male,21,0,Si,Si,Si,Q19,3,FC,Internal,3,2.8459267099829133,2.834473629232187
Male,21,0,Si,Si,Si,Q19,4,FC,Internal,3,2.9858546427446457,4.06473597184908
Male,21,0,Si,Si,Si,Q19,2,FC,Internal,3,3.1189436013630276,1.8912308409705032
Male,21,0,Si,Si,Si,Q19,4,FC,Internal,3,3.02804821625823,3.7549762244664278
Male,21,0,Si,Si,Si,Q19,5,FC,Internal,3,2.777394455824922,4.948725833727034
Male,21,0,Si,Si,Si,Q19,1,FC,Internal,3,3.031540834429068,0.7891796793779076
Male,21,0,Si,Si,Si,Q19,4,FC,Internal,3,2.828232401665553,3.9456856990899354
Male,21,0,Si,Si,Si,Q19,4,FC,Internal,3,3.2295002429048494,4.1220918468094565
Female,21,0,Si,Si,Si,Q19,5,FC,Internal,3,3.005439534240245,5.171749744081778
